Name,Cost,Protein (g),Calories,Fat (g),Servings,Preparation Time (m),Health Score,Cuisine,Gluten Free,Vegetarian,Dairy Free,Sustainable,Cheap
Butternut Squash Gnocchi With Whiskey Cream Sauce,3.72,14,527,23,4,45,11.0,"['Mediterranean', 'Italian', 'European']",False,False,False,False,False
Oreo Cookies & Cream No-Bake Cheesecake,0.48,2,214,18,20,45,0.0,[],False,True,False,False,False
Philly Cheesesteak Grilled Wraps,3.55,27,412,23,4,45,32.0,[],True,False,True,False,False
Beef Tenderloin With Creamy Alouette® Mushroom Sauce,1.74,11,371,33,2,45,7.0,[],True,False,False,False,False
Mussels & Clams in White Wine {Cozze e Vongole},2.52,2,116,4,4,45,18.0,[],True,True,True,False,False
Creamy Shrimp Bisque,3.37,30,495,28,4,45,17.0,[],False,False,False,False,False
Oven Roasted Tomato Sauce,1.39,1,155,14,4,45,7.0,[],True,True,True,False,False
"Bacon & Potato Soup, Gluten & Dairy Free",1.97,20,410,17,6,45,17.0,[],False,False,True,False,False
Cinnamon Twists,0.24,5,323,15,14,45,0.0,[],True,True,False,False,False
Healthy Mint Brownies,1.03,5,241,12,12,45,4.0,['American'],False,False,False,False,False
Simple Whole Wheat Crepes,0.54,10,273,14,4,45,2.0,"['Mediterranean', 'French', 'European']",False,True,False,False,False
Easy Ginger Beef Broccoli,1.39,30,252,6,4,45,71.0,[],False,False,True,False,False
Baked Tofu Cheesecake,0.62,6,184,10,12,45,2.0,[],False,True,False,False,False
Ginger-Lemon Panna Cotta with Brandied Berry Sauce,2.88,5,413,26,6,45,3.0,"['Mediterranean', 'Italian', 'European']",True,False,False,False,False
Banana- Honey Chocolate Chip Bread,14.82,114,6995,256,1,45,69.0,[],False,False,False,False,False
Lemon and Honey Chicken,0.89,4,170,13,6,45,5.0,[],True,False,True,False,False
Apple Pie Bars,0.26,2,124,2,24,75,1.0,['American'],False,False,True,False,False
Caramelized Onion Dip,1.13,11,91,0,2,45,5.0,[],True,True,False,False,False
"Watermelon Popsicles with Mint, Basil & Lime",0.22,1,25,0,8,45,1.0,[],True,True,True,False,False
Healthy Vegan Red Velvet Brownies,0.42,5,182,5,8,45,11.0,['American'],True,True,True,False,False
Enchiladas Verdes (Green Enchiladas),1.72,30,445,20,6,45,15.0,['Mexican'],False,False,False,False,False
Garlic & Spice Plantain Chips,0.2,1,88,4,8,45,3.0,[],True,True,True,False,False
Easy Shrimp Scampi,3.07,24,279,16,4,45,5.0,"['Mediterranean', 'Italian', 'European']",True,False,False,False,False
Banana & Cream Cheese Stuffed French Toast,2.45,49,1978,57,4,45,45.0,['American'],False,True,False,False,False
How to Make Party Jollof Rice,1.23,12,528,2,3,45,20.0,['African'],True,True,True,False,False
Fat Free Gingerbread Cookies,0.33,2,145,0,20,45,2.0,[],False,True,True,False,False
"Watermelon, Feta And Mint Salad",1.92,7,231,18,6,45,38.0,[],True,True,False,False,False
Sun Dried Tomato Stuffed Mushrooms,0.99,8,129,7,8,45,17.0,[],False,False,False,False,False
Green Beans with Garlic Chips,0.84,3,178,13,4,45,6.0,[],True,True,False,False,False
Alouette® Stuffed Mushroom Caps,1.5,2,37,1,8,45,53.0,[],False,False,True,False,False
Chicken Cordon Bleu With Mushroom Sauce,3.99,42,533,32,4,45,29.0,[],False,False,False,False,False
How to Make The Ultimate Slow Cooker Potato Soup,1.58,12,410,20,6,255,11.0,[],False,False,False,False,False
Molten Chocolate Liquor Cakes,0.95,4,398,25,6,45,1.0,['Southern'],True,True,False,False,False
How to Make the Cheesiest Bowtie Mac and Cheese,1.23,29,775,35,4,35,12.0,['American'],False,True,False,False,False
Gluten Free Onion Rings,0.83,8,361,19,4,45,2.0,[],False,True,False,False,False
Peppermint Patties,0.11,0,95,6,60,45,0.0,[],True,False,False,False,False
Chocolate nut spread,0.48,3,156,12,20,45,2.0,[],True,False,True,False,False
Raspberry Walnut Coffee Cake,0.93,2,189,7,6,35,1.0,[],True,False,True,False,False
Cheesy Potato Corn Scones,0.34,8,248,12,8,45,3.0,"['English', 'Scottish', 'British', 'European']",False,True,False,False,False
Scotch Egg,1.15,28,639,26,5,45,14.0,[],False,False,True,False,False
Easy Tomato Basil Chicken – One Pot Meal,1.4,19,423,7,6,30,25.0,[],False,False,True,False,False
Gingerbread,0.4,3,214,2,14,45,2.0,[],False,True,True,False,False
Skinny Veggie Fried Rice,1.4,5,175,9,2,45,65.0,"['Chinese', 'Asian']",True,True,True,False,False
How to Make the Best Chicken Jambalaya,1.86,26,451,21,8,55,14.0,"['Creole', 'Cajun']",True,False,False,False,False
Authentic Mexican Wedding Cookies,0.14,1,87,5,48,45,0.0,['Mexican'],False,True,False,False,False
Grilled Fish With Sun Dried Tomato Relish,8.89,42,703,25,2,45,64.0,[],True,False,True,False,False
Strawberry Shortcake Pancakes,9.09,19,424,7,2,45,25.0,[],False,True,False,False,False
Classic Daiquiri Cocktail,1.84,1,196,0,1,45,0.0,[],True,True,True,False,False
Homemade Strawberry Shake,0.69,5,170,9,6,45,6.0,[],True,False,False,False,False
"Cannellini Bean Side Dish With Fennel, Red Onion, and Saffron",1.08,5,102,2,6,45,1.0,[],True,True,True,False,False
Pasta with Raw Tomato & Lemon Infused Olive Oil,0.58,0,279,31,8,45,2.0,[],True,True,False,False,False
Moroccan Couscous and Chickpea Salad,1.87,14,486,25,6,45,56.0,[],False,True,True,False,False
Asian Chickpea Lettuce Wraps,0.32,1,58,3,6,45,15.0,['Asian'],True,True,True,False,False
Easy To Make Spring Rolls,1.84,12,160,2,4,45,32.0,"['Vietnamese', 'Asian']",True,False,True,False,False
Strawberry Shortcake w. Mini Strawberry PopTarts,1.82,4,307,13,4,45,10.0,[],False,True,False,False,False
Parmesan chicken nuggets,2.41,24,712,59,2,45,28.0,[],False,False,False,False,False
Jade Buddha Salmon Tartare,6.87,34,320,18,2,45,100.0,[],True,False,True,False,False
Broccolini Quinoa Pilaf,4.14,20,625,31,2,30,75.0,"['Mediterranean', 'Italian', 'European']",True,True,True,False,False
Apple-Cheesecake Tart with Salted Caramel Glaze,0.83,6,279,10,8,45,1.0,[],False,True,False,False,False
Brussel Sprouts in Bacon and Garlic Sauce,1.11,6,127,7,2,45,13.0,[],True,False,False,False,False
Slow Cooker Kahlua Pork with Sweet Chili Pineapple Sauce,2.43,57,450,18,12,660,30.0,['American'],True,False,True,False,False
Watermelon Jalapeño Cocktail Cooler,2.92,5,380,1,6,45,13.0,[],True,True,True,False,False
Homemade Animal Crackers,0.38,4,324,13,8,45,2.0,[],False,True,False,False,False
Triple Citrus Cake,0.44,3,257,12,10,45,2.0,[],False,True,True,False,False
No Oven Peanut Butter Squares,0.45,4,247,16,24,45,1.0,[],False,False,False,False,False
Pumpkin gnocchi with basil and Parmesan,0.73,13,409,7,6,45,29.0,"['Mediterranean', 'Italian', 'European']",False,False,False,False,False
Corned Beef Ribs With Brown Sugar and Mustard Glaze,5.48,52,907,43,4,45,79.0,[],False,False,True,False,False
Captain America Shield Cookies,1.09,1,179,7,12,45,1.0,[],False,False,True,False,False
Corn Avocado Salsa,1.31,5,239,16,2,25,71.0,['Mexican'],True,True,True,False,False
Creamy Chicken Tikka Masala,2.22,23,570,50,4,45,9.0,"['Indian', 'Asian']",True,False,False,False,False
"Blueberry, Chocolate & Cocao Superfood Pancakes - Gluten-Free/Paleo/Vegan",2.39,12,559,21,2,30,21.0,[],True,False,True,False,False
Roasted Broccoli with Lemon and Garlic,0.3,3,58,2,4,45,70.0,[],True,True,True,False,False
Meat rolls with prosciutto and sage,4.42,36,478,30,4,45,17.0,[],True,False,False,False,False
Shrimp & Orzo,3.34,31,480,13,8,45,26.0,[],False,False,False,False,False
Spicy Black-Eyed Pea Curry with Swiss Chard and Roasted Eggplant,1.01,7,130,2,6,45,87.0,"['Indian', 'Asian']",True,True,True,False,False
Bacon & Crimini Mushroom Risotto,19.0,97,3507,164,1,45,60.0,"['Mediterranean', 'Italian', 'European']",True,False,False,False,False
Cucumber Mint Tea Sandwiches,0.46,2,90,3,8,45,1.0,[],False,True,True,False,False
Gingerbread Christmas Tree Cookies,2.08,29,1654,37,1,45,26.0,[],False,True,False,False,False
Yoghurt Chicken and Garlic Potatoes,5.67,61,586,12,1,45,93.0,[],True,False,False,False,False
Mango Salsa,3.68,4,237,2,1,45,48.0,['Mexican'],True,True,True,False,False
Salsa Verde Chicken Tamales,0.36,5,122,6,48,45,2.0,['Mexican'],False,False,True,False,False
Lemon Thumbprint Cookies,0.14,1,75,3,42,45,0.0,[],False,False,False,False,False
Stir Fried Cabbage and Tomatoes,0.81,4,97,1,2,45,50.0,[],True,True,True,False,False
Coastal Avocado Salad with Grapes and Shrimp,2.91,24,231,9,4,45,7.0,[],True,False,True,False,False
Mini Stuffed Mexican Bell Peppers,6.42,28,367,5,4,45,92.0,['Mexican'],True,False,True,False,False
Lemon Coconut Granola,0.56,6,263,16,15,45,10.0,[],True,True,True,False,False
Chicken thighs wrapped in prosciutto,2.51,46,340,16,3,45,18.0,[],True,False,True,False,False
Korean Extra Crispy Fried Chicken w Sweet Spicy Glaze,1.92,40,672,32,6,45,7.0,['Southern'],True,False,True,False,False
Pan-Fried Basa Fillets With Asian Marinade,14.55,162,811,7,2,45,94.0,['Asian'],True,False,True,False,False
Coconut Guava Ice cream,2.35,12,536,38,4,45,17.0,[],True,True,False,False,False
Gluten Free Waffles,0.76,5,365,25,8,45,3.0,[],True,True,True,False,False
Apple Walnut Brownies,1.21,6,401,33,10,75,5.0,['American'],False,False,False,False,False
Skinny Green Monster Smoothie,1.99,18,283,11,1,45,48.0,[],True,False,False,False,False
Chocoholic's Deep Dark Dream Chiffon Cake,0.54,4,331,14,16,45,1.0,[],False,False,False,False,False
Meyer Lemon Cheesecake,1.26,10,557,42,12,45,1.0,[],False,False,False,False,False
Caldo Verde - Portuguese Kale Soup,4.54,34,1215,37,4,45,63.0,[],True,False,True,False,False
Cream Cheese Stuffed Chicken Breasts,2.16,30,433,32,4,45,12.0,[],True,False,False,False,False
Rocky Road Ice Cream,2.65,29,860,65,10,45,38.0,[],True,False,False,False,False
Watermelon Mocktail Drink,43.18,0,136,1,1,45,100.0,[],True,False,True,False,False
Powdered Buttermilk Beignets With Raspberry and Chocolate Dipping Sauce,0.28,3,128,4,30,45,2.0,[],False,False,False,False,False
Blueberry Almond Crescent Rolls,0.79,3,247,12,8,45,0.0,[],False,False,False,False,False
Honey Ginger Lemon Iced Tea,1.18,0,145,0,1,45,1.0,[],True,True,True,False,False
California Wild Rice & Beef Cabbage Wrap With Crunchy Ricotta Cheese,0.62,11,200,10,8,45,6.0,[],True,False,False,False,False
Halloween Mocha Cupcakes,1.37,6,445,30,12,45,1.0,['American'],False,False,False,False,False
"Creamy Polenta with Egg, Arrabiata & Bacon",2.42,21,550,36,4,45,6.0,[],True,False,False,False,False
Rum Raisin Carrot Cake with Cream Cheese Frosting,2.84,13,1147,63,8,45,9.0,[],False,True,False,False,False
Charlotte Potato Salad,0.61,6,242,18,4,30,6.0,[],True,False,True,False,False
"Spinach, Tomato & Onion Couscous",3.16,19,555,24,3,45,56.0,[],False,True,False,False,False
Slow Cooked Corned Beef and Cabbage,2.17,25,385,21,10,500,49.0,"['European', 'Irish']",True,False,True,False,False
Cornmeal-Crusted Catfish with Cajun Seasoning and Spicy Tartar Sauce,2.87,27,420,26,4,45,25.0,"['Creole', 'Cajun']",True,False,False,False,False
Candied Spiced Pecans,1.01,2,376,24,8,45,2.0,[],True,True,False,False,False
Hot Cocaccino,1.23,8,460,17,2,45,2.0,[],True,False,False,False,False
Easy Gluten Free Vegetarian Pasta Salad,0.95,16,568,9,4,45,29.0,[],False,False,False,False,False
Sweet Potato Casserole Gourmet & Holiday Baking,1.57,7,575,46,3,45,3.0,['American'],True,True,False,False,False
Baked Pork Buns,3.61,31,835,47,1,30,60.0,[],False,False,False,False,False
Peanut butter ice cream,0.62,9,378,27,8,45,2.0,[],True,True,False,False,False
Orange Chocolate Cake,0.43,4,247,14,12,45,1.0,[],False,False,False,False,False
Cheesy Ham and Shrimp Macaroni Au Gratin,1.36,23,666,20,4,45,25.0,[],False,False,False,False,False
Chicken Spaghettini With Fried Capers,3.49,60,1744,63,2,45,39.0,[],False,False,True,False,False
Coffee Cookies,0.13,1,81,5,16,45,0.0,[],False,False,True,False,False
Bing's Banana Cake,0.28,4,263,19,10,45,4.0,[],False,True,True,False,False
Chocolate Coconut Banana Bread,0.25,4,322,9,20,45,1.0,[],False,False,False,False,False
How to Make the Best Crock Pot Roast,1.89,38,262,11,8,490,46.0,[],True,False,True,False,False
5-Minute Rocky Road Fudge,0.67,6,333,19,15,45,2.0,"['Creole', 'Cajun']",True,False,False,False,False
Holiday Egg Nog,0.8,8,437,31,4,45,3.0,[],True,True,False,False,False
Tomato and Eggplant Caponata,0.82,2,84,5,10,45,7.0,[],True,True,True,False,False
Stuffed Artichoke Main Dish,3.58,30,272,6,2,60,78.0,[],True,False,False,False,False
Buckwheat Galette With An Egg,0.18,4,87,4,10,45,1.0,[],False,True,False,False,False
Cheesy Chicken Enchilada Quinoa Casserole,2.62,34,594,24,4,30,38.0,['Mexican'],True,False,False,False,False
Beef Carrot Stew,0.74,3,101,4,1,45,2.0,[],True,False,True,False,False
Asparagus and Asiago Frittata,1.79,17,254,19,4,45,8.0,[],True,True,False,False,False
Restaurant Style Salsa,0.76,4,88,1,4,5,34.0,['Mexican'],True,False,True,False,False
Chilled Swiss Oatmeal,1.89,17,524,14,1,10,31.0,[],True,True,False,False,False
Banana & Oreo Muffin,0.6,8,535,26,4,45,3.0,['Southern'],False,True,False,False,False
Dulce De Leche Crème Brûlée,4.36,23,2303,199,1,45,19.0,[],True,True,False,False,False
Cranberry Crumb Bars,0.29,2,163,9,24,45,1.0,[],False,True,False,False,False
"Rustic Brie Toasts with Wild Mushroom, Cranberry and Shallot",0.66,8,162,9,10,45,6.0,[],False,True,False,False,False
Crab Salad in Avocado Boats,5.16,23,414,31,2,45,29.0,[],True,False,True,False,False
Grilled Chicken with Sateay Sauce,3.47,58,938,65,4,45,27.0,[],True,False,True,False,False
Dutch Baby,0.63,10,310,11,4,45,5.0,[],False,True,False,False,False
Bacon Wrapped Pork Tenderloin,2.57,51,411,21,4,45,51.0,[],True,False,True,False,False
Black Bean and Veggie Burgers with Corn Salsa,0.76,7,160,2,8,45,21.0,['American'],False,False,True,False,False
Smoked Salmon Pasta,2.96,21,474,22,4,45,13.0,[],False,False,False,False,False
5-Minute Blueberry Chia Jam,0.76,1,81,2,4,45,2.0,[],True,True,True,False,False
Chapchae (Korean Stir-Fried Noodles),2.09,5,397,15,4,45,42.0,"['Korean', 'Asian']",False,True,True,False,False
Pasta e Fagioli (Pasta and Beans),0.64,8,187,6,6,45,9.0,"['Mediterranean', 'Italian', 'European']",False,False,False,False,False
Pan Seared Lamb Loin With Chimichurri & Roasted Trio Squash Salad With Goat Cheese and Pinenuts,3.83,21,492,43,4,45,25.0,"['South American', 'Latin American']",True,False,True,False,False
Chocolate-Date Cake with Chocolate Sticky Toffee Glaze,0.94,3,283,14,21,45,1.0,[],False,False,False,False,False
Apple Roasted Pork Loin,3.54,51,512,17,6,45,44.0,[],True,False,True,False,False
Farro & Leek Soup,6.61,50,661,12,4,45,55.0,[],False,False,False,False,False
Dark Chocolate Cinnamon Easter Eggnog,1.4,10,661,40,4,45,4.0,['Southern'],True,False,False,False,False
Chorizo and Beef Quinoa Stuffed Pepper,3.69,60,881,54,4,30,28.0,[],True,False,False,False,False
Classic Mint Julep,1.28,0,123,0,1,45,0.0,[],False,True,True,False,False
Easy Cheesy Garlic Bread,0.87,10,248,10,8,15,6.0,[],False,False,False,False,False
Chicken Verde Enchilada Casserole,2.27,34,486,24,6,45,13.0,['Mexican'],True,False,False,False,False
Gluten Free Almond Blueberry Coffee Cake,0.68,6,298,11,8,60,2.0,[],True,True,False,False,False
Crockpot Chicken and Dumplings,1.8,28,330,16,6,45,10.0,[],False,False,False,False,False
African Chicken Peanut Stew,3.56,75,1377,102,1,45,100.0,['African'],True,False,True,False,False
Easy Cheesy Pizza Casserole,3.01,41,724,43,6,45,22.0,"['Mediterranean', 'Italian', 'European']",False,False,False,False,False
Three Ingredient Frozen Pina Colada,2.15,2,320,8,3,5,7.0,['Mexican'],True,True,True,False,False
Chewy Gingersnaps,0.46,1,87,5,75,45,6.0,[],False,True,False,False,False
Lick-Your-Plate Amazing Tiramisu,1.12,8,275,15,8,45,3.0,"['Mediterranean', 'Italian', 'European']",False,False,True,False,False
Light Greek Lemon Chicken Orzo Soup,2.37,26,278,4,8,30,26.0,"['Mediterranean', 'European', 'Greek']",False,False,True,False,False
"My ""Secret"" Bolognese Sauce",2.76,29,505,33,12,45,20.0,[],True,False,True,False,False
Lemon and Strawberry Loaf,0.52,5,320,15,8,45,1.0,[],False,True,False,False,False
Sweet Florida Orange Breakfast Bread,0.46,4,345,13,16,45,1.0,[],False,True,False,False,False
Easter Nest Sweet Cake With Sour Cream-Royal Icing and Pistachios,0.99,5,352,16,8,35,5.0,[],False,True,False,False,False
Turkish Baharat Meatballs with Lentil Pilaf,1.65,18,517,27,8,45,18.0,[],False,False,True,False,False
Classic Greek Moussaka,4.42,42,841,52,4,45,36.0,"['Mediterranean', 'European', 'Greek']",False,False,False,False,False
Shrimp and Lemongrass Soup,1.68,9,123,3,4,45,22.0,[],True,False,True,False,False
Mini Nutella Cheesecakes,0.51,2,208,13,24,205,0.0,[],False,True,False,False,False
Pumpkin soup with wine,7.4,8,848,60,4,45,0.0,[],True,True,False,False,False
Classic Buttermilk Pie,0.47,4,281,16,10,75,1.0,[],False,True,False,False,False
Basil Infused Balsamic Oven Baked Chicken,3.27,32,384,24,1,45,36.0,[],True,False,False,False,False
Chicken with Grape Tomatoes and Mushrooms,3.0,33,257,11,4,45,27.0,[],True,False,True,False,False
"Cake with lemon, rosewater and pistachios",0.69,6,333,19,12,45,5.0,[],False,True,False,False,False
Spicy Cilantro Pesto,0.37,1,98,10,6,45,2.0,[],True,True,True,False,False
"Stir Fry Mushrooms In Butter, Garlic And White Wine",0.98,3,119,9,4,45,5.0,[],True,False,False,False,False
Flank Steak with Herbed Salsa,2.66,25,301,20,4,45,41.0,['Mexican'],True,False,True,False,False
Homemade Creamy Ramen Soup,1.59,3,245,5,4,45,7.0,"['Japanese', 'Asian']",False,False,True,False,False
Brownie Coffins,0.56,5,358,22,5,45,1.0,['American'],False,False,False,False,False
Guinness Braised Corned Beef and Cabbage,2.94,30,541,23,6,45,63.0,"['European', 'Irish']",False,False,True,False,False
Sweet and Sticky Chicken Strips,2.03,32,819,27,4,32,12.0,[],False,False,False,False,False
Baked Caramel Custard,0.76,12,251,1,6,45,9.0,[],True,False,False,False,False
Southwest Egg Rolls with Cilantro Lime Pesto,0.23,2,72,2,12,45,9.0,"['Chinese', 'Asian']",False,False,True,False,False
Snap Pea and Green Bean Salad with Arugula Pesto,2.27,12,441,36,6,45,46.0,[],True,True,False,False,False
Crawfish Cake Sliders,0.6,9,181,6,8,45,2.0,[],False,False,True,False,False
Herb Roasted Chicken,1.22,21,425,32,6,240,4.0,[],True,False,False,False,False
Chocolate Asparagus Bundt Cake,0.86,6,291,17,12,45,5.0,[],False,True,True,False,False
Gluten Free Fruit Stuffed Turkey Breast with Hibiscus Sauce,4.29,47,472,11,4,45,27.0,[],True,False,False,False,False
Easy Baked Pork Chop,3.19,59,519,28,3,45,27.0,[],True,False,True,False,False
Crab and Shrimp Burgers With Garlic Grits Fries,1.79,20,346,11,8,45,12.0,['American'],False,False,False,False,False
Chicken Porridge,2.18,28,392,6,4,45,27.0,[],True,False,True,False,False
Cinnamon Eggless Coffee Cake,0.58,5,375,18,6,45,1.0,['Southern'],False,True,False,False,False
Southern Fried Catfish,8.78,101,786,32,6,45,49.0,['Southern'],False,False,True,False,False
Grilled Chicken Banh Mi,2.6,28,481,14,6,45,17.0,"['Vietnamese', 'Asian']",False,False,True,False,False
Green Chili Cheddar Dip (Guest Post),2.06,21,634,58,2,45,6.0,['American'],True,True,False,False,False
Tortellini In Brodo,0.44,4,71,2,6,45,1.0,[],False,False,False,False,False
Easy Key Lime Pie,0.97,6,481,32,8,45,1.0,[],False,True,False,False,False
Easy Onion Cheese Rounds,0.25,3,171,12,8,45,2.0,[],False,False,False,False,False
Slow Cooker Chicken and Dumplings,1.45,20,519,28,6,11,9.0,[],False,False,False,False,False
Spicy Seasoned Loaded Guacamole,0.92,2,171,15,4,45,21.0,['Mexican'],True,True,True,False,False
Cheesy Cowboy Quesadillas,1.31,26,505,27,4,10,11.0,['Mexican'],True,False,False,False,False
Valentine's Chicken Marsala,2.72,13,549,21,3,45,4.0,[],False,False,False,False,False
"Broccoli Rabe with Tomatoes, Anchovies & Spaghetti",2.07,31,596,12,4,45,62.0,[],False,False,False,False,False
Easy Banana Pudding,2.24,13,723,26,5,45,7.0,[],False,True,False,False,False
Fried Asparagus,1.85,17,335,11,3,45,18.0,[],False,False,False,False,False
Cheesecake with cranberries,1.4,6,541,44,10,45,1.0,[],False,False,False,False,False
Asian Shrimp Stir-Fry,2.69,25,219,9,4,45,10.0,['Asian'],True,False,True,False,False
Autumn Harvest Quail,16.19,42,858,34,4,45,54.0,[],False,False,False,False,False
Baked Scallops With Parma Ham,1.2,12,153,8,6,45,9.0,[],False,False,True,False,False
"Easy Chicken, Kielbasa and Shrimp Paella",2.38,34,408,10,8,45,16.0,"['Spanish', 'European']",True,False,True,False,False
"fresh corn, roasted tomato & pickled garlic pizza with cornmeal crust",3.33,19,747,31,4,45,52.0,"['Mediterranean', 'Italian', 'European']",False,False,False,False,False
Zucchini Chicken Omelette,0.72,13,210,16,2,45,4.0,[],True,False,True,False,False
Chocolate Banoffee Pie,2.15,11,858,50,8,240,7.0,[],False,False,False,False,False
Pear Cardamom Flip Cocktail,3.97,4,973,0,1,45,2.0,[],True,False,True,False,False
Pink Lemonade Crinkle Cookies,0.54,5,659,29,5,45,1.0,[],False,True,False,False,False
Salmon Caesar Salad,3.01,27,393,29,2,45,65.0,['American'],True,False,False,False,False
"Whole Wheat No-Yeast Pizza with Roasted Garlic, Sweet Potatoes, and Onions",4.87,26,625,15,3,45,100.0,"['Mediterranean', 'Italian', 'European']",False,True,False,False,False
Brownie Cheesecake,1.11,6,524,37,12,45,1.0,['American'],False,False,False,False,False
Curried Cauliflower Gratin,1.59,6,313,26,6,45,9.0,[],False,False,False,False,False
S'more Bars,0.78,4,557,24,8,45,0.0,[],False,False,False,False,False
Three-Cup Chicken,2.73,25,397,20,6,45,5.0,[],True,False,True,False,False
Hummus and Za'atar,1.61,34,778,31,4,45,100.0,['Middle Eastern'],True,True,True,False,False
Cherry-Berry Pie With Agave Nectar All-Butter Crust,1.2,5,371,22,10,180,2.0,[],False,True,False,False,False
Valentine's Day Potted Plant Ice-Cream Desserts,0.46,2,137,7,5,45,1.0,[],False,False,False,False,False
Lime S’more Tartlets,25.2,173,8650,308,1,45,77.0,[],False,False,False,False,False
Prosciutto and Mushroom Ravioli With Basil Browned Butter Sauce,1.91,16,541,29,4,45,17.0,"['Mediterranean', 'Italian', 'European']",False,False,False,False,False
Yogurt Marinated Lamb Skewers,4.1,49,315,11,12,45,33.0,[],True,False,False,False,False
Creamy Chicken Orzo Soup,1.65,16,383,18,4,45,10.0,[],False,False,True,False,False
Meatball Sliders,1.35,18,357,16,20,45,10.0,[],False,False,False,False,False
Apple Brown Betty,1.37,3,622,20,6,45,2.0,[],False,True,False,False,False
"Pasta with Garlic, Scallions, Cauliflower & Breadcrumbs",1.63,21,636,20,2,45,19.0,[],False,False,False,False,False
Beef Pot Pies with Irish Cheddar Crust,1.92,43,714,38,6,45,25.0,"['European', 'Irish']",False,False,False,False,False
Four-Berry Blast Fruit Smoothie,1.24,11,264,11,4,10,18.0,[],True,True,False,False,False
Spicy Indian-Style Hummus,0.44,5,134,6,12,45,40.0,['Middle Eastern'],True,True,True,False,False
Tropical Ice Pops,0.9,0,101,3,6,45,13.0,[],True,True,True,False,False
Cauliflower Breadsticks,0.79,6,90,5,8,45,12.0,[],True,True,False,False,False
Corned Beef Cakes,1.86,28,576,19,3,45,30.0,[],False,False,False,False,False
Slow Cooker Red Beans and Rice,1.61,29,639,31,5,45,16.0,[],True,False,False,False,False
Gluten Free Blueberry Muffins,0.5,4,213,9,12,45,1.0,[],True,True,False,False,False
Braised Pork: Filipino Humba,1.48,16,583,47,4,45,15.0,[],False,False,True,False,False
Tuscan White Bean Soup with Olive Oil and Rosemary,0.29,6,101,1,6,45,19.0,[],True,True,True,False,False
Brooklyn Blackout Cake,0.61,8,329,16,10,45,4.0,[],False,False,False,False,False
Cheesecake Ice-Cream With Mango Syrup,1.27,8,305,11,10,45,5.0,[],True,True,False,False,False
How to Make OREO Turkeys for Thanksgiving,0.24,1,122,7,48,40,0.0,[],False,False,False,False,False
Beef Fajita Marinade,9.58,81,755,47,2,45,38.0,['Mexican'],True,False,False,False,False
English Berry Trifle,1.11,4,266,9,16,350,2.0,"['English', 'Scottish', 'British', 'European']",True,False,False,False,False
Easy Bread Pudding and Vans,1.56,11,593,40,2,45,4.0,[],True,False,False,False,False
Dulce De Leche Cheesecake,1.28,8,426,38,10,45,2.0,[],True,True,False,False,False
Herbed Goat Cheese Yogurt Dip w. Caramelized Onions,7.91,46,541,26,1,45,33.0,[],True,True,False,False,False
Mardi Gras Cupcakes,1.12,3,565,35,14,45,0.0,['American'],False,False,False,False,False
Rotisserie Chicken and Bean Tostadas,1.85,31,401,16,3,30,17.0,['Mexican'],True,False,False,False,False
Cheesy Turkey Meatballs,2.67,37,465,12,4,45,18.0,[],False,False,False,False,False
French Onion Marsala Soup,2.72,26,596,40,4,45,7.0,"['Mediterranean', 'French', 'European']",False,False,False,False,False
Mozzarella Sticks,10.35,104,1773,98,1,45,35.0,[],False,False,False,False,False
Curried Cabbage & Kale Gratin,1.26,13,278,17,8,45,16.0,[],False,False,False,False,False
Baked Alaska,0.75,9,426,18,12,45,3.0,[],True,False,True,False,False
Lemon Scented Polenta Pancakes with Blueberry Thyme Syrup,1.24,3,316,17,12,45,2.0,[],False,True,False,False,False
Creme Brulee,0.96,3,167,14,8,240,1.0,"['Mediterranean', 'French', 'European']",True,True,False,False,False
Coconut Carrot-Ginger Soup,1.22,7,282,20,6,45,12.0,[],True,True,True,False,False
Fried Yam and Spicy Mayo,0.15,0,101,11,1,45,0.0,[],True,True,True,False,False
What to make for dinner tonight?? Bruschetta Style Pork & Pasta,1.45,35,521,10,5,35,20.0,"['Mediterranean', 'Italian', 'European']",False,False,False,False,False
Black Bean Brownies,0.53,5,233,12,12,45,2.0,['American'],False,False,False,False,False
Instant Pot Chicken Taco Soup,2.72,25,346,8,4,25,84.0,['Mexican'],True,False,True,False,False
Nigerian Snail Stew,9.08,23,363,5,1,45,89.0,[],True,False,True,False,False
Moroccan chickpea and lentil stew,1.26,20,467,7,3,30,96.0,[],False,True,True,False,False
Trinidadian Chicken Potato Curry,1.54,35,554,37,4,45,17.0,"['Indian', 'Asian']",True,False,True,False,False
Sourdough Stuffing with Sage Sausage and Apples,2.06,16,427,22,8,45,11.0,[],False,False,False,False,False
Sliced Baguette with Anchovy Chive Butter and Radishes,0.37,3,139,7,16,45,1.0,[],False,False,False,False,False
Citrus Beet Salad,2.11,8,211,9,4,45,21.0,[],True,True,False,False,False
Classic Vanilla-Orange Sugar Cookies,0.39,3,221,13,24,45,1.0,[],False,True,False,False,False
Roasted Pumpkin and Barley Risotto,2.02,18,419,9,3,75,31.0,"['Mediterranean', 'Italian', 'European']",False,False,False,False,False
Eggplant Fries with Tzatziki Sauce,0.85,13,294,6,2,45,12.0,"['Mediterranean', 'European', 'Greek']",False,False,False,False,False
Raised Doughnuts,0.31,2,150,11,24,300,0.0,[],False,True,False,False,False
Chinese Steamed Flan,1.69,7,247,6,6,45,7.0,"['Chinese', 'Asian']",True,True,False,False,False
Vanilla Coconut Snowball Cupcakes,0.52,4,412,21,13,45,1.0,['American'],False,True,False,False,False
Dolsot Bibimbap,7.66,52,1860,40,4,45,67.0,"['Korean', 'Asian']",False,False,True,False,False
Yorkshire Pudding,0.13,3,64,2,12,45,1.0,[],False,False,False,False,False
Chicken Enchilada Casserole,1.22,17,286,12,8,45,4.0,['Mexican'],False,False,False,False,False
Apple Pie,2.26,7,567,12,8,45,5.0,['American'],False,True,False,False,False
Plantain Salad,4.95,20,639,18,1,45,73.0,[],True,False,False,False,False
Eggplant & Artichoke Heart Galettes,4.32,22,634,32,2,45,27.0,[],True,True,False,False,False
Bacon-Wrapped Meatloaf,2.27,35,709,55,6,90,14.0,[],True,False,False,False,False
Pesto Chicken Zoodles,2.75,35,524,41,3,45,24.0,[],True,False,False,False,False
Alouette Sundried Tomato and Basil Bisque,0.35,1,44,1,8,45,1.0,[],True,False,True,False,False
Refreshing Strawberry Limeade,0.6,0,121,0,4,45,2.0,['Mexican'],True,True,True,False,False
Medenjaci - Croatian Honey Spice Cookies,0.21,2,140,5,45,45,0.0,[],False,False,False,False,False
Banana Milo Milkshake,1.44,4,268,9,1,45,12.0,[],False,False,False,False,False
Savory corn and chives muffins,0.29,7,195,6,12,45,3.0,[],False,True,False,False,False
Square Deviled Eggs,0.09,4,45,3,6,45,1.0,['American'],True,False,False,False,False
Bigoli with smoked salmon,4.47,26,650,29,3,45,44.0,[],False,False,False,False,False
Carrot Cake Snack Bites,0.23,1,69,5,20,45,14.0,[],True,True,True,False,False
Plantain Pizza,1.47,27,659,23,3,45,28.0,"['Mediterranean', 'Italian', 'European']",False,False,True,False,False
Chocolate Mousse in Chocolate Shell,0.91,5,641,55,6,45,3.0,[],True,False,False,False,False
Chocolate and Szechuan Peppercorn Brownies,0.45,5,305,15,16,45,2.0,['American'],False,False,False,False,False
No-Bake Chocolate Peanut Butter Pie,1.2,14,525,36,8,45,5.0,[],True,False,False,False,False
Guacamole,0.87,2,167,15,4,45,22.0,['Mexican'],True,True,True,False,False
Crab Cakes Eggs Benedict,7.45,42,865,59,3,30,27.0,[],False,False,False,False,False
Naturally Sweet Apple Turnovers,0.55,3,200,10,16,45,1.0,[],False,True,False,False,False
Chocolate Fudge Cookies,0.34,2,166,9,24,20,0.0,[],False,False,False,False,False
Honey Dijon Roasted Brussels Sprout,0.54,2,115,7,4,45,15.0,[],True,True,True,False,False
Cucumber and Cannellini Bean Side Salad,0.94,5,115,5,10,45,18.0,[],True,True,True,False,False
"Kale & chickpea stew with cumin, smoked paprika and lime",0.69,4,162,5,6,45,11.0,[],True,True,False,False,False
Toasted Coconut Pancakes with Toasted Coconut Sauce,1.18,7,432,30,9,45,3.0,[],False,False,True,False,False
Jambalaya Stew,2.27,21,289,8,4,45,31.0,"['Creole', 'Cajun']",True,False,True,False,False
Agave Glazed Carrots,0.36,1,80,3,4,45,3.0,[],True,True,False,False,False
"Peppermint Brookie Pies - gluten free, dairy free",0.6,3,290,12,16,45,1.0,[],True,False,True,False,False
The BEST Lemon Bars,0.92,9,796,34,6,45,3.0,[],False,True,False,False,False
Peach Pie,1.74,9,543,37,6,45,3.0,[],False,True,False,False,False
German Rhubarb Cake with Meringue,0.61,5,212,4,12,45,4.0,"['German', 'European']",False,True,True,False,False
Mini frittatas with quinoa,0.21,3,36,2,24,45,1.0,[],True,False,False,False,False
Balsamic & Honey Glazed Salmon with Lemony Asparagus,4.48,25,362,21,2,60,81.0,[],True,False,True,False,False
Bacon Wrapped Breadsticks,1.07,14,264,20,4,45,2.0,[],False,False,False,False,False
Coconut Rice Pudding,1.2,11,545,10,2,45,9.0,[],True,True,False,False,False
"Stir Fried Quinoa, Brown Rice and Chicken Breast",3.65,34,617,16,1,45,57.0,[],True,False,False,False,False
Red Lentil Soup with Chicken and Turnips,2.77,23,448,20,8,55,73.0,[],True,False,True,False,False
"Corn Chowder with Potatoes, Poblanos, and Smoked Gouda",1.62,9,271,14,6,45,7.0,[],True,True,False,False,False
White Chocolate Cheesecake With Raspberries,1.4,4,288,18,16,45,2.0,[],False,False,False,False,False
Cider-Braised Pork Shoulder With Caramelized Onion and Apple Confit,2.28,37,467,20,4,45,38.0,[],True,False,True,False,False
Alouette Chicken Paprika,4.22,25,172,6,4,45,56.0,[],True,False,False,False,False
Easy Eggplant Curry,1.0,3,130,8,6,45,9.0,"['Indian', 'Asian']",True,True,True,False,False
Garlicky Kale,0.69,3,179,15,2,45,93.0,[],True,True,True,False,False
"Chicken Sausage, White Bean and Cabbage Soup",1.96,19,312,13,6,45,18.0,[],True,False,True,False,False
Crock-Pot: Asian-Style Country Ribs with Black Bean Garlic Sauce,2.28,67,712,42,4,45,13.0,[],False,False,True,False,False
Basil Marinated Grilled Chicken,2.59,48,285,9,8,45,27.0,[],True,False,True,False,False
Pecan Pumpkin Pie Dessert Pizza with Maple Whipped Cream,1.41,6,394,29,10,45,3.0,"['Mediterranean', 'Italian', 'European']",False,False,False,False,False
Antipasto Squares,3.22,30,737,51,6,45,7.0,[],False,False,False,False,False
Baby Chick Cupcakes,0.43,4,454,22,12,45,1.0,['American'],False,True,False,False,False
Slow Cooker Chicken Taco Soup,1.41,24,312,4,6,485,28.0,['Mexican'],True,False,True,False,False
Smokey Rainbow Chili,1.1,10,230,5,8,45,42.0,['American'],True,True,True,False,False
Watermelon Feta and Mint Salad,11.23,42,2140,79,1,45,100.0,[],True,True,False,False,False
Home made coffee ice cream,1.01,7,490,37,6,45,2.0,[],True,True,False,False,False
Turkey Enchilada Bake,3.04,25,507,31,8,45,23.0,['Mexican'],True,False,False,False,False
A Christmas With Peking Duck,2.29,35,1230,119,12,45,23.0,"['Chinese', 'Asian']",True,False,True,False,False
Chimichurri Skirt Steak with Grilled Asparagus,4.78,27,410,30,4,45,67.0,"['South American', 'Latin American']",True,False,True,False,False
Tzadziki,2.71,10,451,39,2,45,13.0,[],True,True,False,False,False
Cherry Pancakes for One,0.78,4,144,1,3,45,3.0,[],False,True,False,False,False
Blueberry Vanilla Pie,13.22,42,4164,259,1,45,43.0,[],False,True,False,False,False
Cilantro Lime Halibut,8.75,43,418,22,2,45,67.0,[],True,False,True,False,False
5 Minute Gluten Free Wonder Buns,0.97,11,258,15,1,45,9.0,[],True,True,True,False,False
White Chocolate Raspberry Brie Cups,0.37,1,54,2,15,20,0.0,"['Mediterranean', 'Italian', 'European']",False,False,False,False,False
Curried Butternut Squash and Apple Soup,1.42,9,139,3,1,45,43.0,[],True,True,True,False,False
Raw Vegan Chocolate and Raspberry Cake,1.42,7,351,23,12,45,17.0,[],False,False,True,False,False
Peppermint Hot Chocolate Cupcakes,0.56,3,375,15,24,45,1.0,['American'],False,False,False,False,False
Bacon & Egg Toast Cups,1.48,24,579,41,2,45,9.0,[],False,False,False,False,False
Toasted Tropical Marshmallows,1.06,4,493,10,6,45,1.0,[],True,False,True,False,False
Caramel Peanut Fudge Cake,1.28,17,489,38,10,45,15.0,[],True,True,False,False,False
"Banana, Cranberry and Apple Bread",0.46,7,379,15,8,45,3.0,[],False,True,False,False,False
Gluten Free Dairy Free Buttermilk Biscuits,0.6,5,208,15,12,45,0.0,['Southern'],True,True,False,False,False
Butternut Squash & Pear Soup: Real Convenience Food,3.12,5,387,14,2,45,26.0,[],True,True,True,False,False
Peach & Brown Sugar Pancakes,1.28,12,469,30,2,45,6.0,[],False,True,False,False,False
Seared Pork Chops W/ Mango Salsa,3.69,39,407,20,4,45,55.0,['Mexican'],True,False,True,False,False
Snickerdoodle Ice Cream,2.13,5,669,54,4,45,2.0,[],True,True,False,False,False
Citrus Arugula Salad with Seared Scallops,1.45,9,82,1,2,45,13.0,[],True,False,True,False,False
Cherry Lime Mojito,2.23,1,184,0,1,45,0.0,[],True,True,True,False,False
Loaded Baked Potato Soup with Crispy-Fried Potato Skins,1.5,18,466,28,8,45,8.0,[],False,False,False,False,False
Zucchini Ribbon and Ricotta Pizza,8.19,68,1988,42,4,45,7.0,"['Mediterranean', 'Italian', 'European']",False,False,False,False,False
Bacon Wrapped Green Bean Bundles,1.62,12,592,46,6,45,4.0,[],True,False,False,False,False
"Skillet Sweet Potato Casserole with Bacon, Brown Sugar Crumble",0.96,5,300,21,6,50,8.0,['American'],False,False,False,False,False
Swiss Chard and Mushroom Popover Bake,0.99,13,258,17,4,45,14.0,[],True,False,False,False,False
Chilled Cucumber Avocado Soup with Yogurt and Kefir,2.16,9,183,7,3,45,55.0,[],True,True,False,False,False
Savory Olive & Goat Cheese Palmiers,0.77,4,202,15,16,45,3.0,[],False,False,False,False,False
Almond Cookie Bar,0.72,3,249,10,22,45,1.0,[],False,False,False,False,False
Great Greek Salad,2.79,11,262,19,4,45,16.0,"['Mediterranean', 'European', 'Greek']",True,False,False,False,False
Thai Shrimp,3.42,27,368,8,4,45,23.0,"['Thai', 'Asian']",True,False,True,False,False
Farro With Mushrooms and Asparagus,3.94,12,365,9,4,75,81.0,[],False,True,True,False,False
Cocoa Protein Pancakes,1.59,26,410,14,2,15,14.0,[],True,True,False,False,False
Mexican Casserole,3.04,33,494,19,6,65,22.0,['Mexican'],True,False,False,False,False
Spinach and Gorgonzola Stuffed Flank Steak,4.21,47,523,28,4,45,82.0,[],False,False,False,False,False
Carrot Quinoa Muffins,0.72,6,297,19,12,45,5.0,[],False,True,False,False,False
Roasted Cabbage Wedge Salad with Yogurt Gorgonzola Dressing,1.3,12,187,11,4,45,10.0,[],True,False,False,False,False
Mango Avocado Ice Cream,0.69,2,136,8,8,45,10.0,[],True,True,False,False,False
White Chocolate Christmas Holiday Pretzels and Santa’s Snack Mix,1.55,12,667,28,9,45,4.0,[],False,False,False,False,False
Red Kidney Bean Jambalaya,1.86,21,538,8,6,45,100.0,"['Creole', 'Cajun']",True,True,True,False,False
Smashed Fried Lemon Potatoes,1.11,4,199,7,4,45,24.0,[],True,True,True,False,False
Beef Cottage Pie,1.13,16,181,6,8,45,9.0,[],True,False,False,False,False
All Day Simple Slow-Cooker FALL OFF the BONE Ribs,1.47,8,598,11,4,45,3.0,[],True,False,True,False,False
Whole Wheat Chocolate Chip Cookies,0.3,3,215,11,24,45,1.0,[],False,False,False,False,False
Breakfast Sticky Buns,0.76,1,108,6,8,45,0.0,[],False,True,False,False,False
Best Baked Macaroni and Cheese,1.76,26,577,32,12,45,9.0,['American'],False,False,False,False,False
Almond Butter and Chocolate Squares,0.92,5,359,24,16,45,2.0,['Southern'],False,False,False,False,False
Coffee-braised Short Ribs,5.62,49,1390,126,5,45,59.0,[],True,False,True,False,False
Upside-Down Blueberry Puffs Brunch,0.83,4,276,10,6,50,2.0,[],False,True,False,False,False
Carrot Cake Muffin Cookies,0.09,1,47,2,64,45,0.0,[],False,True,False,False,False
Perfect fish cakes,1.73,19,390,25,6,45,13.0,[],False,False,False,False,False
Fennel and Orange Salad With Toasted Hazelnuts and Cranberries,0.65,2,167,12,4,45,14.0,[],True,True,True,False,False
Citrusy Pecan Garbanzo Couscous: A Salad For Cold Weather,2.75,15,564,17,2,45,73.0,[],False,True,True,False,False
Steak with lemon and capers,6.46,47,951,54,2,45,21.0,[],False,False,False,False,False
Sweet Mustard BBQ Pork Chops,2.15,38,445,16,4,45,15.0,[],True,False,True,False,False
Popcorn Chicken,1.59,43,823,14,2,45,41.0,['Southern'],False,False,True,False,False
"Impossible"" Coconut Pie",0.73,3,239,16,10,45,1.0,[],False,True,False,False,False
Avocado-Mango Salad With Grilled Shrimp,6.36,49,732,46,4,45,31.0,[],True,False,True,False,False
Avocado Nests,1.76,10,377,27,4,45,9.0,[],True,False,True,False,False
Maple-Glazed Apple Cookies,0.21,2,181,6,18,45,0.0,[],False,True,False,False,False
Slow Cooker Lamb Curry,3.55,67,568,24,8,45,48.0,"['Indian', 'Asian']",True,False,False,False,False
Almond Plum Cake with Creme Fraiche,2.77,13,566,21,6,45,5.0,[],False,False,False,False,False
Shrimp and Avocado Salad,5.14,36,502,23,4,45,53.0,[],True,False,True,False,False
Easy Chicken Tikka Masala,2.19,38,371,20,4,45,26.0,"['Indian', 'Asian']",True,False,False,False,False
Chicken Cordon Bleu,2.12,49,496,26,6,45,20.0,[],False,False,False,False,False
Almond Nut Butter,0.44,4,118,10,16,45,6.0,[],True,True,True,False,False
Classic New England Crab Cakes,3.06,15,323,26,6,45,10.0,[],False,False,False,False,False
Bittersweet chocolate pudding,0.5,6,203,9,6,45,4.0,[],True,True,False,False,False
Buttermilk Cornbread and Sage Stuffing,1.27,17,669,32,10,45,23.0,['Southern'],False,False,False,False,False
Stuffed mushrooms and Chow Mein noodles,6.13,48,1343,49,2,45,57.0,"['Chinese', 'Asian']",False,False,False,False,False
Spanakopita Cups,0.6,4,171,12,36,45,4.0,"['Mediterranean', 'European', 'Greek']",False,False,False,False,False
Chocolate Pavlova with Winter Fruit,0.83,2,282,16,12,150,1.0,[],True,False,False,False,False
Creamy Vegan Butternut Squash Mac and Cheese,0.88,11,312,8,6,45,14.0,['American'],False,False,True,False,False
Strawberry Basil Sorbet (no Ice Cream Maker Necessary!),0.77,0,169,5,1,45,1.0,[],True,True,True,False,False
Gingerbread Mummies,0.3,2,217,6,18,45,1.0,[],False,True,False,False,False
Lamb Burgers With Tzatziki Sauce,3.6,38,614,37,4,45,24.0,"['Mediterranean', 'European', 'Greek']",False,False,False,False,False
Plantain Toffee Balls,0.77,3,413,20,2,45,2.0,[],False,True,False,False,False
Drunken Apple Cake,2.11,9,1329,61,6,45,3.0,[],False,True,False,False,False
"Cauliflower, Brown Rice, and Vegetable Fried Rice",1.12,7,192,6,8,30,76.0,"['Chinese', 'Asian']",True,True,True,False,False
Brown Butter Twice Baked Sweet Potatoes,3.57,16,689,55,4,95,26.0,[],True,False,False,False,False
Hot Cross Buns,0.11,1,86,5,12,45,0.0,[],False,True,False,False,False
10 Minute Brownies,0.29,2,201,12,16,45,1.0,['American'],False,False,True,False,False
Apple Cheddar Turkey Burgers With Chipotle Yogurt Sauce,2.68,38,358,14,4,45,14.0,['American'],False,False,False,False,False
Corned Beef And Cabbage With Irish Mustard Sauce,5.39,51,829,49,6,270,44.0,"['European', 'Irish']",True,False,False,False,False
Fast Tiramisu,0.78,7,436,35,12,45,1.0,"['Mediterranean', 'Italian', 'European']",False,False,False,False,False
Grilled Spareribs With Birmingham Bbq Sauce,3.16,59,1224,96,6,45,28.0,[],True,False,True,False,False
Slow Cooker: Pork and Garbanzo Beans,2.82,58,438,11,6,45,76.0,[],True,False,True,False,False
Deviled Eggs With Crab,1.05,9,106,7,6,45,3.0,['American'],True,False,False,False,False
Coffee Cream Martinis,0.79,1,220,2,4,45,0.0,[],True,False,True,False,False
Pulled Pork Nachos,1.63,19,358,17,8,490,15.0,['American'],True,False,False,False,False
Arugula Walnut Pesto,0.44,2,86,9,4,45,9.0,[],True,False,False,False,False
Cannoli Ice Cream w. Pistachios & Dark Chocolate,1.55,21,576,33,3,45,7.0,[],True,True,False,False,False
Dried Fruit and Ginger Scones,0.5,4,274,11,8,45,1.0,"['English', 'Scottish', 'British', 'European']",False,False,False,False,False
Cheese Pork Chops,2.35,35,417,30,4,30,12.0,[],True,False,False,False,False
Brined Chicken Breast with Sautéed Onion Dipping Sauce,2.02,33,220,4,6,45,31.0,[],True,False,True,False,False
"Crockpot ""Refried"" Beans",0.19,5,88,0,16,45,12.0,[],True,True,True,False,False
Layered Poppy Seed Pastries,0.53,3,201,10,24,45,2.0,[],False,True,False,False,False
Turkish Chicken Salad with Home-made Cacik Yogurt Sauce,4.46,64,713,40,4,45,84.0,[],True,False,False,False,False
Cheesy Bacon Burger with Spicy Chipotle Aiolo Sauce,3.17,51,494,20,4,45,32.0,['American'],False,False,False,False,False
Spinach Salad with Strawberry Vinaigrette,3.39,21,353,17,1,45,78.0,[],True,False,False,False,False
Finger Foods: Frittata Muffins #incredibleEGG,2.96,50,658,45,1,45,49.0,[],True,True,False,False,False
Chili Pie with Green Chile and Cheddar Cornbread Crust,1.49,36,702,40,8,60,14.0,['Southern'],False,False,False,False,False
Chicken and White Bean Chili,1.34,23,417,30,9,45,7.0,['American'],False,False,False,False,False
Slow Cooker Spicy Hot Wings,1.01,23,384,20,4,14,4.0,[],True,False,True,False,False
Blue Cheese Tartlets With Fig Jam and Walnuts,1.01,6,293,24,24,45,4.0,[],False,True,False,False,False
Tuna Mexi Melts,2.7,41,700,40,6,45,19.0,[],False,False,False,False,False
Dutch Babies With Mulberry-Rhubarb Compote,2.58,8,429,16,6,45,3.0,[],False,True,False,False,False
Jalapeno Cheese Quick Bread,0.22,5,114,5,12,45,5.0,[],False,True,False,False,False
Crab Wontons,0.36,3,69,4,12,45,2.0,"['Chinese', 'Asian']",False,False,False,False,False
Chocolate Nutella Walnut Cake,1.03,7,447,32,8,45,3.0,[],False,True,False,False,False
Smoky Deviled Eggs,1.09,10,329,13,12,45,2.0,['American'],True,False,True,False,False
Vegetarian Christmas wreath,0.76,4,198,19,8,45,2.0,[],True,False,False,False,False
Bruschetta Stuffed Potatoes,2.52,18,954,32,6,45,18.0,"['Mediterranean', 'Italian', 'European']",True,False,False,False,False
Easy Lemon Feta Greek Yogurt Dip,1.48,8,249,23,4,15,4.0,"['Mediterranean', 'European', 'Greek']",True,True,False,False,False
Italian Meatloaf with Hard Boiled Eggs,2.77,44,726,53,8,45,32.0,"['Mediterranean', 'Italian', 'European']",False,False,False,False,False
4 Ingredient Chicken Pot Pie,4.76,89,1053,35,6,45,29.0,[],False,False,True,False,False
Chicken Stew For The Soul,1.43,34,497,33,6,45,11.0,[],True,False,True,False,False
Asparagus Eggs Benedict,2.46,33,767,57,2,30,18.0,[],False,False,False,False,False
Cabbage and sausages in beer,1.99,12,506,41,3,45,15.0,[],True,False,False,False,False
Avocado Chicken Salad,3.56,21,684,60,2,45,38.0,[],True,False,True,False,False
Chocolate Chip Coconut Muffins,0.63,5,274,11,12,45,3.0,[],False,False,True,False,False
Powerhouse Almond Matcha Superfood Smoothie,2.59,11,294,13,2,10,55.0,[],True,False,True,False,False
Protein Packed Carrot Muffins,1.54,19,421,31,6,45,23.0,[],True,True,False,False,False
Coffee-Infused Bbq Baby Back Ribs,2.49,41,704,34,6,45,25.0,[],True,False,True,False,False
Roasted red peppers and tomatoes salad,0.63,1,92,7,2,45,44.0,[],True,True,True,False,False
Super Speedy Spicy Sweet and Sour Shrimp,4.08,35,400,10,4,45,52.0,[],True,False,True,False,False
Turkey Pot Pie,2.06,23,728,42,8,45,18.0,[],False,False,False,False,False
Barbecue Chicken Cauliflower Couscous Bowls,1.97,23,440,25,4,45,25.0,"['bbq', 'Barbecue']",True,False,False,False,False
Zucchini Flutes Piped With Basil Ricotta Mousse,1.0,14,234,17,4,45,11.0,[],True,False,False,False,False
Hot Crab Dip,1.37,10,288,26,4,45,2.0,[],False,False,False,False,False
Brown sugar & Spice Sugar cookie frogs,0.13,2,129,6,30,45,0.0,[],False,True,False,False,False
Dark Shadows Baileys Chocolate Cheesecake Brownies,0.94,6,435,29,16,45,2.0,['American'],False,False,False,False,False
White chocolate-cranberry ice cream,1.44,6,430,28,6,45,2.0,[],True,False,False,False,False
White cake with marzipan and almonds,0.92,6,442,24,10,45,2.0,[],False,True,False,False,False
"Roasted Cranberries, Ricotta & Honey Crostini",0.84,3,334,1,1,45,1.0,"['Mediterranean', 'Italian', 'European']",False,False,False,False,False
Lamb and Fresh Goat Cheese Roulade,1.97,17,373,33,6,45,11.0,"['German', 'European']",True,False,False,False,False
"Honeyed Bacon"" Baklava",1.81,8,395,30,24,45,2.0,['Middle Eastern'],False,False,False,False,False
Swiss Chard Wraps,0.82,4,139,11,6,45,90.0,[],True,True,True,False,False
Hot Artichoke Crab Dip,2.47,16,854,82,4,45,6.0,[],True,False,False,False,False
Poached Prawns with Fettuccine and French String Beans,2.78,32,475,18,4,45,11.0,"['Mediterranean', 'French', 'European']",False,False,False,False,False
Baby Beet Salad,0.99,3,133,7,6,45,63.0,[],True,True,True,False,False
Pear-ginger upside-down cake,0.75,6,325,10,12,45,2.0,[],False,True,False,False,False
Roasted Mediterranean Vegetable Soup,1.88,3,174,10,6,45,12.0,[],True,False,True,False,False
Oreo Hazelnut and Banana Cheesecake,1.02,6,416,32,10,300,1.0,[],False,False,False,False,False
Prosciutto Wrapped Broccolini With Basil Crisps,7.54,146,878,21,4,45,45.0,[],True,False,True,False,False
Grilled Zucchini with Goat Cheese and Balsamic-Honey Syrup,2.55,8,272,14,2,45,27.0,[],True,True,False,False,False
Elk Sliders With Pancetta Bacon and Smoked Mozzarella,3.49,22,353,15,8,45,10.0,[],False,False,False,False,False
Cranberry Orange Banana Bread,0.19,2,102,1,18,75,3.0,[],False,True,True,False,False
Bacalhau Macau,2.03,44,504,19,4,45,23.0,[],False,False,False,False,False
Best Chicken Parmesan,2.62,56,690,26,6,45,25.0,"['Mediterranean', 'Italian', 'European']",False,False,False,False,False
Tart Raspberry Sorbet with a Hint of Heat,0.62,0,40,0,6,45,4.0,['Mexican'],True,True,True,False,False
Chocolate Hazelnut Mousse,1.12,5,593,47,4,45,3.0,['Southern'],False,False,False,False,False
Blasian's Deviled Eggs,3.8,77,1336,106,1,45,48.0,['American'],True,True,True,False,False
Strawberry Tart,3.83,7,846,41,4,45,8.0,[],False,True,False,False,False
Almond Coffee Cupcakes with Kahlua Liqueur,1.14,2,279,12,6,45,0.0,['American'],False,False,False,False,False
Shrimp and Cucumber Lettuce Wraps With Fresh Dill,0.77,6,38,0,8,45,3.0,[],True,False,True,False,False
Breakfast: Waffles,0.67,13,479,18,4,45,7.0,[],False,True,False,False,False
Bourbon Street Beignets,0.1,1,91,3,60,45,0.0,[],False,True,False,False,False
Peanut Butter and Jelly Smoothie,0.96,18,513,34,2,45,33.0,[],True,False,True,False,False
Vegan Dirty Chai Pudding,1.93,5,325,22,6,45,30.0,[],True,False,True,False,False
Turkey and Rice Stuffed Acorn Squash,2.82,29,413,10,6,45,54.0,[],False,False,True,False,False
Sardine Croquettes (Croquetas De Sardinas),0.31,5,125,4,14,45,3.0,[],False,False,False,False,False
Allergy-Free Thin Mints,0.04,0,17,0,96,45,0.0,[],True,False,True,False,False
Filipino Egg Rolls,11.84,113,2068,169,1,45,62.0,"['Chinese', 'Asian']",True,False,True,False,False
Moroccan kofte and sausage stew,1.72,21,404,32,8,45,8.0,[],True,False,True,False,False
Summer Berry Salad,1.75,2,98,1,1,45,96.0,[],True,True,True,False,False
Chicken Piccata with Artichokes,2.83,36,571,23,6,45,28.0,[],False,False,False,False,False
Cinnamon Sugar Fried Apples,0.3,2,118,3,16,60,1.0,[],False,True,False,False,False
Creamy Porcini Mushroom Polenta,1.69,9,263,14,6,45,2.0,[],True,False,False,False,False
Crabby Corn Chowder,4.61,27,555,30,6,45,24.0,[],False,False,False,False,False
Chicken Ranch Burgers,1.02,44,358,14,3,25,41.0,['American'],False,False,True,False,False
Vegetarian Chinese Pot Stickers,0.14,1,30,1,24,45,2.0,"['Chinese', 'Asian']",False,False,True,False,False
Butternut Squash Frittata,3.4,24,446,4,1,45,100.0,[],True,False,False,False,False
Ground Turkey Stuffed Peppers,3.06,34,486,17,4,45,37.0,[],True,False,False,False,False
Strawberry Cheesecake Chocolate Crepes,1.69,16,638,38,4,40,9.0,"['Mediterranean', 'French', 'European']",False,True,False,False,False
Stuffed Pork Tenderloin with Marsala-Port Sauce,5.19,96,784,22,4,45,45.0,[],True,False,False,False,False
Vegan Taco bowls with Cilantro Lime Cauliflower Rice,2.59,12,521,48,4,180,72.0,['Mexican'],True,True,True,False,False
Baked Rigatoni With Sausage,2.96,43,842,43,6,45,49.0,[],False,False,False,False,False
Authentic Biscochitos,1.01,11,691,2,4,45,7.0,[],False,True,True,False,False
Simple Skillet Lasagna,2.46,34,814,46,5,35,40.0,"['Mediterranean', 'Italian', 'European']",False,False,False,False,False
"Broccoli Cheddar Soup, A Panera Bread Co. Copycat",1.96,26,606,46,4,45,25.0,[],False,True,False,False,False
Grilled Lemon Garlic Artichokes,1.15,3,200,18,4,45,17.0,[],True,True,True,False,False
Grilled Garlicky-Herbed Shrimp,1.16,7,201,19,4,45,9.0,[],True,False,True,False,False
Cheesy Chicken and Rice Casserole,1.76,21,410,27,6,60,9.0,[],True,False,False,False,False
Corn-Crusted Fish Tacos With Jalapeno-Lime Sauce and Spicy Black Beans,4.99,57,1112,54,4,45,73.0,['Mexican'],True,False,False,False,False
Black Bean and Peppers Taco Filling,0.55,5,117,3,8,45,35.0,['Mexican'],True,True,True,False,False
Coconut Crusted Rockfish,5.39,47,1191,72,4,45,31.0,[],False,False,False,False,False
Avocado Chocolate Bits Frozen Yogurt,2.38,14,701,38,4,45,11.0,[],True,False,False,False,False
Moroccan Lemon Shish Kebabs,0.62,12,78,3,8,45,4.0,[],True,False,True,False,False
Shrimp pasta with white wine tomato cream sauce,2.99,33,530,9,4,45,21.0,[],False,False,False,False,False
Pasta with Peas and Italian Sausage,1.34,19,576,12,4,45,19.0,"['Mediterranean', 'Italian', 'European']",False,False,False,False,False
Garlic-Butter Naan,0.43,10,464,22,4,45,7.0,"['Indian', 'Asian']",False,True,False,False,False
Chicken Enchilada Chowder,2.24,30,484,18,6,45,17.0,['Mexican'],True,False,False,False,False
Fudgy chocolate cream cheese brownies with Baileys,1.38,7,581,34,8,45,2.0,['American'],False,False,False,False,False
Homemade Broccoli Cheddar Soup,3.16,22,624,45,4,45,52.0,[],True,False,False,False,False
Easy Vegetable Beef Soup,3.45,45,566,19,8,150,66.0,[],False,False,True,False,False
Double Chocolate Milo Pancakes,0.55,11,489,26,2,45,5.0,[],False,True,False,False,False
World’s Greatest Lasagna Roll Ups,1.37,22,422,16,18,110,10.0,"['Mediterranean', 'Italian', 'European']",False,False,False,False,False
Nutella Stuffed French Toast,0.77,9,345,18,2,45,3.0,['American'],False,True,False,False,False
Salmon with roasted vegetables,5.16,39,473,18,2,45,100.0,[],True,False,True,False,False
Fall Fruit Compote,0.68,1,131,3,8,45,0.0,[],True,True,False,False,False
Rice Krispie Treats and Christmas,1.56,4,656,21,3,45,0.0,[],False,False,False,False,False
Berry Banana Breakfast Smoothie,2.04,21,501,11,1,5,63.0,[],False,True,False,False,False
Gluten Free Yellow Cake And Cupcakes,0.56,3,270,18,24,45,0.0,['American'],True,True,False,False,False
Breaded Shrimp and Spicy Mayo Appetizer,0.64,10,250,8,4,20,5.0,[],False,False,True,False,False
Chia Seed Pudding,1.54,4,142,6,3,45,5.0,[],True,False,True,False,False
Savory Slow Roasted Tomatoes with Filet of Anchovy,0.71,3,64,4,4,45,20.0,[],True,False,True,False,False
Chive and dill muffins,0.39,6,182,7,10,45,2.0,[],False,True,False,False,False
"Spicy Salad with Kidney Beans, Cheddar, and Nuts",4.59,27,725,50,1,10,75.0,[],True,True,False,False,False
"Watermelon Salad with Feta, Walnut & Nigella Seeds",1.87,10,334,21,6,25,19.0,[],True,True,False,False,False
Easy Instant Pot Beef Tips and Rice,4.06,53,388,11,4,30,49.0,[],True,False,True,False,False
"Cod with tomatoes, olives and polenta",3.34,25,368,19,4,45,43.0,[],True,False,True,False,False
PB Cup Stuffed Brownie Bites,0.4,3,146,7,60,45,1.0,['American'],False,False,True,False,False
Julia Child's Coq au Vin,3.73,31,620,41,6,45,13.0,"['Mediterranean', 'French', 'European']",True,False,False,False,False
Pork with Blueberry Sauce,3.6,29,312,13,4,45,35.0,[],True,False,True,False,False
Peri Peri Chicken and Savoury Rice,1.43,40,643,50,6,45,11.0,[],True,False,True,False,False
Nutella Crepes and Ice Cream,1.09,11,639,25,6,45,7.0,"['Mediterranean', 'French', 'European']",False,False,False,False,False
Decadent Black Forest Cake,0.45,1,203,11,20,45,0.0,"['German', 'European']",False,False,False,False,False
Mediterranean eggplants,3.29,30,678,47,4,45,25.0,[],False,False,False,False,False
Sweet & Spicy White Cheddar Cheese Ball W/apples & Bacon,0.47,5,122,11,24,45,1.0,[],True,False,False,False,False
Mushroom Crepes with Vegetarian Sauce,1.03,7,172,5,8,45,12.0,"['Mediterranean', 'French', 'European']",False,True,False,False,False
"Turkey Sausage, Chard & Sweet Potato Breakfast Scramble",2.28,32,471,32,2,45,28.0,[],True,False,True,False,False
Chocolate Almond Bark,0.95,4,221,17,8,45,3.0,[],True,False,True,False,False
Quick and Easy Southwestern Corn Chowder,1.67,17,305,12,6,45,7.0,[],True,False,False,False,False
The Pearhattan Cocktail,5.1,1,217,0,1,45,7.0,[],True,True,True,False,False
"Toasted"" Agnolotti (or Ravioli)",1.95,41,965,28,2,45,11.0,"['Mediterranean', 'Italian', 'European']",False,False,True,False,False
Vegan Pumpkin Pie Butter Cups,0.64,3,182,12,16,45,1.0,[],False,False,True,False,False
All American Sloppy Joes,1.82,25,507,28,4,45,12.0,['American'],False,False,True,False,False
Roasted Brussels Sprouts With Red Onions and Pancetta,1.88,8,178,10,5,45,20.0,[],False,False,True,False,False
Cranberry and Orange Juice Spareribs,2.54,52,944,75,4,210,24.0,[],True,False,True,False,False
Easy Chicken Tandoori,1.52,19,272,15,12,45,12.0,"['Indian', 'Asian']",True,False,False,False,False
Vanilla Panna Cotta with Chocolate Ganache,0.71,1,13,1,8,45,1.0,"['Mediterranean', 'Italian', 'European']",True,False,False,False,False
Vanilla Bean Melting Moment Cookies With Caramel Filling,0.65,5,408,25,10,45,1.0,[],False,True,False,False,False
Couscous with olives,1.45,7,303,14,4,45,17.0,[],False,True,True,False,False
Balsamic-Honey Chicken Drumsticks,1.11,18,301,10,8,45,4.0,[],True,False,True,False,False
Party Rice Balls,0.18,3,68,2,24,45,1.0,[],False,False,False,False,False
Honey Nut Raspberry Baked Oatmeal,1.02,7,246,7,3,45,23.0,[],True,True,False,False,False
Moroccan Chicken Tagine,1.31,16,228,7,6,45,23.0,[],False,False,True,False,False
Sweet Corn Pudding,2.14,14,637,53,10,45,6.0,[],False,True,False,False,False
Almond Horns,32.07,234,7267,526,1,45,74.0,[],True,True,True,False,False
Sugared Pecans Gift Idea & Silhouette America Promotion,2.43,7,655,54,6,65,17.0,[],True,True,True,False,False
Neiman Marcus Oatmeal Chocolate Chip Cookies,0.27,2,147,8,112,45,0.0,[],False,False,False,False,False
Quick Chicken Enchilada Soup,1.95,28,486,17,4,45,16.0,['Mexican'],True,False,False,False,False
Cheddar Polenta With Bacon Wrapped Asparagus,2.77,19,470,28,1,45,18.0,[],True,False,False,False,False
Strawberry Banana Stuffed Pancakes,1.18,10,187,1,2,30,17.0,[],False,True,False,False,False
Mascarpone & Ricotta Cheese Cake,1.11,11,523,35,10,45,2.0,[],False,True,False,False,False
Chocolatey Overnight Oats with Strawberries,2.13,15,200,5,1,45,17.0,[],True,False,False,False,False
Bacon Brownie Cupcakes,1.07,11,511,37,6,45,6.0,['American'],False,False,False,False,False
Strawberry-Mango Quinoa Salad,1.83,7,334,17,4,45,65.0,[],True,True,False,False,False
Crispy Pineapple Fritters,0.32,3,120,3,12,45,2.0,[],False,False,False,False,False
"Linguine with Prawns, Fresh Tomatoes and Spinach",3.93,41,742,23,4,45,35.0,[],False,False,False,False,False
Lemon and pepper veal cutlets,5.74,38,665,53,4,45,12.0,[],True,False,False,False,False
Mediterranean Herb Dip,6.38,17,441,27,4,45,46.0,[],True,False,False,False,False
Guinness and Brats,1.28,14,361,21,4,55,13.0,[],False,False,True,False,False
Amaretto Cheesecake,17.18,113,7616,410,1,45,28.0,[],False,False,False,False,False
"Red, White & Blue Crepes: Happy July 4th! @driscollsberry",3.07,6,254,7,1,45,13.0,"['Mediterranean', 'French', 'European']",False,False,False,False,False
Coconut Almond Cheesecake,2.04,15,919,63,8,45,8.0,[],False,False,False,False,False
Authentic Bolognese Sauce,2.31,23,476,35,8,45,8.0,[],True,False,False,False,False
4 Ingredient Raw Peanut Butter Chocolate Cups,0.67,9,263,17,12,45,6.0,[],True,True,True,False,False
Rice and Peas with Coconut Curry Mackerel,2.42,31,624,34,4,45,53.0,"['Indian', 'Asian']",True,False,True,False,False
Easy Parmesan Knots,0.22,3,181,12,10,45,1.0,[],False,False,False,False,False
"Banana Chocolate Chip Cake With Peanut Butter Frosting - gluten free, dairy free, soy free",11.02,116,6400,125,8,45,76.0,[],True,False,True,False,False
Saffron Chicken Tikka,1.44,25,159,4,3,45,12.0,"['Indian', 'Asian']",True,False,False,False,False
Grandma Inez's Pineapple Pie,0.81,4,392,14,6,45,1.0,[],False,True,False,False,False
Falafel Burgers,1.9,23,708,35,4,45,41.0,['American'],False,True,True,False,False
Crispy Italian Cauliflower Poppers Appetizer,2.01,21,472,17,4,45,31.0,"['Mediterranean', 'Italian', 'European']",False,False,False,False,False
Instant Pot Hawaiian Chicken,2.35,20,377,3,4,18,15.0,[],True,False,True,False,False
Mint Chocolate Chip Ice Cream,4.0,23,1834,129,2,45,20.0,[],True,False,False,False,False
Chocolate Soup For Two,2.34,21,873,39,2,15,14.0,[],True,False,False,False,False
One Bowl Jalapeno Cheddar Cornbread,0.76,13,527,26,6,45,5.0,['Southern'],False,True,False,False,False
"Guf"" Danish Ice Cream Topping",0.4,2,71,0,4,45,2.0,[],True,True,True,False,False
Green Monster Ice Pops,0.76,2,109,6,6,180,26.0,[],True,False,True,False,False
Buffalo Wing Hummus,0.16,2,37,1,8,45,3.0,['Middle Eastern'],True,True,True,False,False
Authentic Italian Biscotti,0.1,1,54,2,60,45,1.0,"['Mediterranean', 'Italian', 'European']",False,True,True,False,False
Eggless Blueberry and White Chocolate Baked Cheesecake,1.33,9,553,37,12,90,2.0,[],False,False,False,False,False
Crispy Buttermilk Fried Chicken,0.62,16,260,15,6,45,4.0,['Southern'],False,False,False,False,False
Wholemeal Cake,0.65,9,432,27,4,45,7.0,[],False,True,False,False,False
Apple Pie Honey Wheat Scones,0.49,5,304,15,8,45,3.0,['American'],False,True,False,False,False
How to Make the Perfect Sweet Potato Sloppy Joes,4.82,46,407,7,4,40,64.0,['American'],True,False,True,False,False
Brussels Sprouts In Honey Butter With Chili Flakes,0.58,3,61,2,6,45,10.0,['American'],True,True,False,False,False
Sausage & Pepperoni Stromboli,2.58,33,689,45,6,28,8.0,[],False,False,False,False,False
Caramelized Tofu & Gala Apple Salad,2.47,16,344,17,2,45,7.0,[],True,True,False,False,False
Healthy Black Forest Baked Oatmeal,0.85,7,256,7,3,45,6.0,[],True,False,False,False,False
Charred Onion Dip w. Steamed Red Potatoes for Dipping,0.49,3,118,10,6,45,1.0,[],True,True,False,False,False
Ratatouille With Brie,1.97,14,490,45,4,45,15.0,"['Mediterranean', 'French', 'European']",True,True,False,False,False
Chinese Potstickers,0.19,2,73,5,24,45,1.0,"['Chinese', 'Asian']",False,False,True,False,False
Lemon Quick Bread,0.33,2,125,0,15,45,2.0,[],False,False,False,False,False
Cheddar Chile Beer Bread,0.55,9,203,7,12,45,11.0,[],False,True,False,False,False
Buffalo Ranch Chicken Dip,3.01,27,753,68,7,45,19.0,[],True,False,False,False,False
Soft Croatian corn bread - proja,0.95,17,614,26,6,45,15.0,['Southern'],False,True,False,False,False
Fresh Green Bean and Tomato Salad with Creamy Garlic Dressing,2.0,6,197,12,4,45,31.0,[],True,True,True,False,False
Delicious Triple Chocolate Bundt Cake,0.79,7,561,15,6,55,1.0,[],False,False,False,False,False
Monastery soup,1.57,8,258,8,4,45,58.0,[],True,True,True,False,False
Vegan Chocolate Banana Pie,1.12,3,347,17,6,45,3.0,[],False,False,True,False,False
Dandelion pesto,1.33,2,192,20,4,45,10.0,[],True,True,True,False,False
Easy Chicken Cordon Bleu,0.24,6,131,7,8,45,1.0,[],False,False,False,False,False
Banana Foster Bread Pudding,1.75,12,1040,45,8,45,6.0,[],False,True,False,False,False
Semi Ripe Plantain Pottage,2.9,23,580,3,2,45,43.0,[],True,False,True,False,False
Alouette Crème De Brie Shrimp Cups,0.26,2,38,3,30,45,0.0,[],False,False,False,False,False
Parmesan Mashed Potatoes,1.44,16,687,51,4,45,7.0,[],True,False,False,False,False
Key Lime Pie,1.86,16,764,27,5,18,9.0,['Mexican'],False,False,False,False,False
Creamy Potato Salad with Cashew Dressing and Fresh Basil,1.88,8,294,17,6,45,29.0,[],True,False,True,False,False
Easy Chicken with White Wine Sauce,2.24,30,248,7,4,45,11.0,[],True,False,True,False,False
Pesto & Yogurt Pasta,1.52,13,371,15,4,45,55.0,[],False,False,False,False,False
Chili chops with cauliflower salad,3.0,34,454,26,4,45,40.0,['American'],True,False,False,False,False
Shortbread Lemon Bars,0.36,4,248,9,9,70,1.0,[],False,True,False,False,False
Easy Vegetable Fried Rice,0.64,7,236,10,4,20,6.0,"['Chinese', 'Asian']",True,True,False,False,False
"Greek-Style Baked Fish: Fresh, Simple, and Delicious",3.41,28,345,12,4,30,66.0,[],True,False,False,False,False
Homemade King Ranch Chicken Casserole,2.49,35,552,29,6,65,13.0,[],False,False,False,False,False
Crispy Baked Green Bean Fries,3.3,32,677,49,2,45,23.0,['American'],True,True,True,False,False
Classic Eggs Benedict,0.88,14,198,9,4,45,3.0,['American'],False,False,True,False,False
Creamy Cauliflower Chowder,1.12,17,354,25,8,40,7.0,[],False,False,False,False,False
Green Bean Poriyal,0.28,1,71,5,6,45,3.0,[],True,True,True,False,False
Tomato and lentil soup,1.26,19,358,8,4,45,100.0,[],True,True,True,False,False
Homemade Oatmeal Cream Pies,0.68,3,544,31,10,45,1.0,[],False,False,False,False,False
Swordfish with Orange Caramel Sauce,4.47,43,552,28,4,45,29.0,[],False,False,False,False,False
Glazed pork chops,2.07,31,461,32,4,45,9.0,[],True,False,False,False,False
Cinnamon Mocha Quick Bread,0.24,5,315,9,16,45,2.0,[],False,True,False,False,False
BBQ Beef Brisket,3.07,48,514,21,8,45,19.0,['Jewish'],True,False,True,False,False
Caramel Macchiato Cake,1.54,7,651,23,10,180,1.0,[],False,False,False,False,False
Braised Smoky Pork With Fresh Pappardelle,6.36,99,1217,34,4,45,68.0,[],False,False,False,False,False
Slow Cooker Beef Stew,2.94,52,528,16,6,490,100.0,[],True,False,True,False,False
Peach Coconut Ice Cream,0.72,2,188,14,14,45,2.0,[],True,True,False,False,False
Cranberry Apple Crisp,1.54,6,834,37,4,45,4.0,[],False,True,False,False,False
White Chocolate Cherry Hand Pies,0.68,6,321,19,10,45,3.0,[],False,False,False,False,False
Nutella Buttercream Cupcakes with Hidden Cadbury Egg,0.54,10,242,21,6,35,3.0,['American'],True,True,False,False,False
Creamsicle Cookies,0.18,2,122,5,36,30,0.0,[],False,False,False,False,False
Zabaglione with Roasted Plums,1.17,4,220,5,4,20,4.0,[],True,True,True,False,False
Pork chops with apples and onions,2.52,36,483,25,4,45,15.0,[],True,False,False,False,False
The Scotch Egg,1.75,23,536,42,6,45,6.0,[],False,False,True,False,False
Flawless Chocolate Fudge,0.33,2,291,10,16,60,1.0,[],True,False,False,False,False
Cherry Coconut Milk Smoothie,2.04,4,305,17,2,45,12.0,[],True,True,True,False,False
Vegetarian Spring Rolls With Garlic Lime Sauce,0.86,3,133,1,10,45,26.0,"['Vietnamese', 'Asian']",True,False,True,False,False
Barbecued Shrimp & Grits,4.05,47,656,31,6,45,12.0,['Southern'],True,False,False,False,False
Crepes Suzette,0.91,11,613,39,4,45,5.0,"['Mediterranean', 'French', 'European']",False,True,False,False,False
Cherry ice cream,0.56,2,259,20,8,360,1.0,[],True,True,False,False,False
Mangolicious Upside Down Cake,0.68,3,287,13,12,45,2.0,[],False,True,False,False,False
"DAIRY-FREE COCOA CUPCAKES WITH PEANUT BUTTER FILLING, MARSHMALLOW FROSTING",0.71,7,368,18,12,45,3.0,['American'],False,False,True,False,False
Beef Bourguignon Pie With Mushy Green Pea,5.96,32,1260,73,2,45,41.0,[],False,False,False,False,False
Toasted Marshmallow Ice Cream,0.71,4,350,26,8,45,1.0,[],True,False,False,False,False
Grilled Lemon Garlic Chicken,2.43,48,388,20,4,45,26.0,[],True,False,True,False,False
BBQ Mac and Cheese,1.82,37,815,25,4,45,24.0,['American'],False,False,False,False,False
Favorite Moist Chocolate Cake,1.02,7,387,23,12,45,4.0,[],False,False,False,False,False
Minestrone Soup,2.03,20,351,16,8,45,17.0,"['Mediterranean', 'Italian', 'European']",False,False,False,False,False
French Toast Croissants with Strawberries,2.74,9,657,50,4,20,7.0,['American'],False,False,False,False,False
"Vietnamese Pancakes with Vegetables, Herbs and a Fragrant Dipping Sauce (Bánh Xèo)",3.19,8,377,21,6,45,34.0,"['Vietnamese', 'Asian']",True,True,True,False,False
"Roasted Endive Salad With Prosciutto, Figs and Pistachios",3.64,13,494,24,4,45,100.0,[],True,False,True,False,False
Asparagus and Pea Soup: Real Convenience Food,3.24,11,240,8,2,20,44.0,[],True,True,True,False,False
Amazing Braised Beef Short Ribs,6.36,60,788,48,6,45,28.0,[],True,False,True,False,False
Crockpot Garlic Lime Salsa Meatball Tacos,3.8,31,535,32,4,45,14.0,['Mexican'],True,False,True,False,False
Tomato Cutlets,3.14,19,384,17,5,45,35.0,[],False,False,False,False,False
Milky Watermelon Drink,0.51,8,193,8,1,45,8.0,[],True,True,False,False,False
Roasted Lemon Pepper Pork Tenderloin with Cornbread Stuffing,2.25,41,412,16,4,90,36.0,['Southern'],False,False,False,False,False
"Fresh Fig, Walnut, Rosemary Upside Down Cake And A Crisp Citrusy Chardonnay",1.57,6,378,11,8,45,2.0,[],False,True,False,False,False
Peanut Butter Sriracha Cookies,0.11,2,116,7,60,45,0.0,[],False,True,False,False,False
Slow Cooker Poblano Corn Chowder with Chicken and Chorizo,1.97,22,510,34,8,45,9.0,[],True,False,False,False,False
Sun Dried Tomato and Herb Baked Eggs,0.86,12,179,13,1,25,4.0,[],True,True,True,False,False
Rigatoni With Sweet Sausages In Creamy Tomato Sauce,1.9,33,930,40,4,45,35.0,[],False,False,False,False,False
Peach Melba Clafoutis,2.02,6,265,11,6,45,3.0,[],False,True,False,False,False
Whole Grain Pumpkin Bread,0.42,5,182,3,24,45,14.0,[],False,True,True,False,False
Easy Beef Bourguignon,3.77,32,428,21,4,45,42.0,[],False,False,True,False,False
Cherry Blueberry Muffins,0.68,6,168,7,12,45,3.0,[],False,True,False,False,False
Panna Cotta with Raspberry and Orange Sauce,1.41,8,393,27,6,45,3.0,"['Mediterranean', 'Italian', 'European']",True,False,False,False,False
"Grilled Baked Brie with Shallots, Cranberries & Balsamic",1.7,8,376,23,1,45,6.0,[],True,True,False,False,False
Lentil Salad With Vegetables,1.2,14,302,11,4,45,100.0,[],True,True,True,False,False
Pierogi Casserole,1.55,31,814,32,4,45,22.0,"['Eastern European', 'European']",False,True,False,False,False
Crock Pot Chicken Pot Pie,0.95,14,255,11,20,45,11.0,[],False,False,True,False,False
Crispy Rhubarb Pockets,1.66,2,366,0,1,45,5.0,[],True,True,True,False,False
Buckwheat Banana Pancakes,1.35,11,455,15,1,30,18.0,[],True,False,False,False,False
How To Make Fried Chicken Without Frying,1.96,41,817,53,2,45,19.0,['Southern'],False,False,True,False,False
BBQ” Style Chicken Thighs,0.84,24,335,24,6,45,5.0,[],True,False,True,False,False
Loaded Veggie Omelet,1.9,21,336,25,2,45,12.0,[],True,False,False,False,False
Chicken-Tortilla Chip Soup,1.09,24,137,3,8,45,11.0,[],True,False,True,False,False
Tangy & Savory Mexican Soup,2.22,26,564,36,8,45,30.0,['Mexican'],True,False,False,False,False
Boozy Bbq Chicken,3.24,32,710,33,6,45,38.0,[],True,False,True,False,False
Chipotle Black Bean Soup with Avocado Cream,1.43,12,272,10,8,45,34.0,[],True,True,False,False,False
"Farfalle with fresh tomatoes, basil and mozzarella",0.97,16,557,15,4,15,15.0,[],False,True,False,False,False
Cake with wine and olive oil,0.59,4,294,12,10,45,1.0,[],False,False,True,False,False
Spicy Lemongrass Soup,2.94,7,245,8,4,45,20.0,[],False,True,True,False,False
Peanut Butter and Apple Oatmeal Breakfast Bars,0.49,7,281,9,8,45,6.0,[],False,True,False,False,False
Vegetarian Mushroom Shepherd's Pie,1.2,6,124,6,12,45,35.0,"['European', 'Irish']",True,False,True,False,False
Indian Lentil Dahl,1.06,17,400,20,4,45,20.0,"['Indian', 'Asian']",True,True,True,False,False
Authentic Chicken Enchiladas,1.37,16,332,10,12,45,13.0,['Mexican'],True,False,False,False,False
Bacon Caramels,0.12,1,72,5,80,45,0.0,[],True,False,False,False,False
Green Beans with Pearl Onions and Salmon,0.59,3,107,7,4,45,3.0,[],True,False,False,False,False
Coconut-Almond Crusted Tilapia,3.72,39,359,21,4,45,28.0,[],True,False,True,False,False
Blueberry-Lavender Sauce and Ginger Snap Ice Cream Cups,0.75,2,292,11,12,45,1.0,[],False,False,False,False,False
Dessert That's No Problem: Baked Pears with Oatmeal Crumble,0.53,3,233,7,4,45,2.0,[],False,True,False,False,False
Cream Cheese Stuffed Baby Bell Pepper Appetizer,0.24,1,44,4,24,45,6.0,[],True,True,False,False,False
Bing's Mango Salsa,2.08,1,55,0,4,45,7.0,['Mexican'],True,True,True,False,False
"Frittata with Mushrooms, Thyme, and Parmigiano Cheese",1.06,20,179,7,8,45,8.0,[],True,False,False,False,False
Easy Turtle Pumpkin Pie,1.95,5,770,54,4,45,3.0,[],True,False,False,False,False
Cod with Tomato-Olive-Chorizo Sauce and Mashed Potatoes,6.21,56,768,47,2,45,81.0,[],True,False,True,False,False
Easter Bunny's Vegan Ambrosia Salad,2.06,7,805,61,4,45,9.0,[],True,False,False,False,False
Arroz Con Leche,1.25,9,737,48,6,45,6.0,[],True,True,False,False,False
Apple Soft Pound Cake,5.51,50,3450,202,1,45,43.0,[],False,True,False,False,False
Classic Pot Roast,1.87,30,340,22,6,45,13.0,[],True,False,True,False,False
15 Minute Healthy Dark Chocolate Truffles,0.42,2,108,7,12,45,4.0,[],True,True,True,False,False
A Classic Caesar Salad,6.12,40,1699,126,1,45,86.0,['American'],False,False,False,False,False
Vegan Strawberry Shortcake served with Vegan Whipped Cream,0.68,4,249,14,10,45,4.0,[],False,False,True,False,False
Chèvre With Sautéed Grapes,2.35,11,254,19,4,45,6.0,[],True,True,False,False,False
Egg and Dairy Free Pancakes,0.07,1,68,3,12,45,1.0,[],False,False,True,False,False
Classic Matzo Ball Soup,2.07,76,1035,69,6,45,24.0,[],False,False,True,False,False
Damn Good Corn Pudding ~from 12 Bones Smokehouse,1.09,8,465,31,10,45,3.0,[],False,False,False,False,False
Caramelised Onion and Mushroom Quiche,1.35,14,428,29,4,45,4.0,"['Mediterranean', 'French', 'European']",False,False,False,False,False
Almond Butter Slices,0.48,5,300,16,16,45,2.0,['Southern'],False,True,False,False,False
Classic Macaroni and Cheese,1.51,36,945,54,6,45,17.0,['American'],False,False,False,False,False
Classic Carrot Cake With Cream Cheese Frosting,2.14,12,863,63,8,45,10.0,[],False,True,False,False,False
Blueberry Banana Pancakes,2.27,17,594,2,2,45,11.0,[],False,True,False,False,False
Best Ever Bolognese Sauce,3.67,53,968,49,6,45,30.0,[],False,False,False,False,False
Simple Squash Salad,0.57,1,41,0,6,180,19.0,[],True,True,True,False,False
Dutch Oven Paella,4.65,49,689,22,6,45,33.0,"['Spanish', 'European']",True,False,True,False,False
Crunchy Brussels Sprouts Side Dish,1.69,8,232,16,4,30,100.0,[],True,True,True,False,False
Savory Cheese Dill Scones,0.3,6,215,11,12,45,1.0,"['English', 'Scottish', 'British', 'European']",False,True,False,False,False
Chicken Suya,1.86,87,1070,71,1,45,19.0,[],True,False,True,False,False
Jalapeno Cornbread Stuffing,0.95,5,262,14,10,45,4.0,['Southern'],False,True,False,False,False
Bacon Ice Cream,4.06,38,1521,125,2,45,14.0,[],True,False,True,False,False
"Focaccia with Tomato, Green Onion and Garlic",0.37,8,317,8,8,45,19.0,"['Mediterranean', 'Italian', 'European']",False,False,False,False,False
Herb chicken with sweet potato mash and sautéed broccoli,3.06,43,554,26,4,45,79.0,[],True,False,False,False,False
Cheese Tortellini With Shrimp In Tomato Cream Sauce,4.07,48,895,45,4,45,14.0,[],False,False,False,False,False
Chocolate Wafers,0.05,1,30,1,40,45,0.0,[],False,False,False,False,False
The Best Chili,2.01,33,323,7,8,130,34.0,['American'],True,False,True,False,False
Whole Wheat Dinner Rolls,0.21,5,159,2,19,45,5.0,[],False,True,False,False,False
Old Fashioned Vanilla Buttercream Frosting,0.54,0,513,24,8,5,0.0,[],True,True,False,False,False
S'mores-n-berry Bars for National S'mores Day - August 10,1.35,5,507,25,9,45,1.0,[],False,False,False,False,False
Mardi Gras Shrimp Étouffée,5.35,40,443,21,4,90,23.0,[],False,False,False,False,False
Korean Honey Citron Tea Cheesecake,1.22,6,451,26,8,45,1.0,"['Korean', 'Asian']",False,False,False,False,False
Crab Cake Stuffed Shrimp,0.55,4,91,6,24,45,1.0,[],False,False,False,False,False
Almond Joy Protein Shake,2.24,24,485,41,1,45,79.0,['Southern'],True,False,True,False,False
Easiest Breakfast Ever: Sunny Fruit Parfait,0.42,1,128,1,1,45,4.0,[],True,True,False,False,False
Tex-Mex Polenta Rounds with Chunky Guacamole,1.2,11,271,22,12,45,12.0,['Mexican'],True,True,False,False,False
Delicious Rhubarb Custard Pie,0.53,4,170,11,8,75,1.0,[],False,True,False,False,False
Balsamic Roasted Vegetables,1.66,5,175,3,6,45,62.0,[],True,True,True,False,False
Cannoli Cream-Filled Strawberries,1.28,19,454,30,2,45,4.0,[],True,True,False,False,False
Soy Ginger Glazed Halibut w/ Ginger Peach Relish,9.03,49,375,10,2,45,43.0,[],True,False,True,False,False
Caramel Apple-Brownie Cheesecake,1.42,8,498,30,8,45,3.0,[],False,True,False,False,False
Chocolate Peanut Butter No-Bake Dessert,1.86,12,691,40,9,45,3.0,[],False,False,False,False,False
Coconut Cream Pie Vegan Milkshake,0.81,2,269,20,3,45,2.0,[],False,True,True,False,False
Ultimate Chocolate Chunk Cookies,1.26,8,670,44,6,24,4.0,[],False,False,False,False,False
Chicken En Papillote With Basil and Cherry Tomatoes,2.62,25,434,31,1,45,14.0,[],True,False,True,False,False
Easy Homemade Apple Fritters,0.16,2,149,1,12,30,1.0,[],False,True,False,False,False
Buttered Plantain Fries and Seasoned Avocado,1.18,3,555,50,3,45,4.0,['American'],True,True,False,False,False
Chipotle Cheese Stuffed Black Bean Burgers with Avocado Creme,1.6,20,473,29,4,45,16.0,['American'],False,False,False,False,False
BLT Sandwich,2.97,20,657,60,2,45,15.0,[],False,False,True,False,False
Summery Tomato Soup with Pasta and Chickpeas,0.6,3,87,2,5,45,15.0,[],False,False,True,False,False
Buttermilk Onion Rings,2.25,19,3262,327,3,45,23.0,[],False,False,False,False,False
Mango Fried Rice,1.4,16,485,4,2,45,33.0,"['Chinese', 'Asian']",True,True,True,False,False
Easy Homemade Rice and Beans,1.06,19,446,4,2,35,61.0,[],True,True,True,False,False
Stinging Nettle Pesto,2.21,4,155,14,12,45,50.0,[],True,False,False,False,False
Vegan Peanut Butter Chocolate Fudge,0.56,2,158,9,6,45,3.0,[],True,True,True,False,False
Apple & Cream Cheese Braid,10.37,122,5803,244,1,45,81.0,[],False,False,False,False,False
"Farfalle with Shrimps, Tomatoes Basil Sauce",2.81,38,587,9,4,45,13.0,[],False,False,False,False,False
Fresh Apple Cake With Caramel Sauce,11.58,79,8596,456,1,45,78.0,[],False,True,False,False,False
No-Bake Fudge Brandy Brownies,0.46,3,237,15,16,45,1.0,['American'],False,True,False,False,False
Brussels Sprouts with Bacon and Shallots,1.33,7,124,5,4,45,22.0,[],True,False,True,False,False
Savory Radicchio and Prosciutto Crostini Topped with Sweet Syrupy Sapa,1.33,5,125,4,4,45,8.0,"['Mediterranean', 'Italian', 'European']",False,False,False,False,False
Skinny Kale Basil Pesto,1.06,5,86,5,3,45,89.0,[],True,False,False,False,False
Bananas Foster Ice Cream,5.39,17,1757,137,2,45,11.0,"['Creole', 'Cajun']",True,True,False,False,False
Grilled Guacamole with Pistachios,1.37,5,355,33,8,45,25.0,['Mexican'],True,True,True,False,False
Eggs Florentine,2.12,22,433,25,4,45,24.0,[],False,True,False,False,False
Smoked Salmon Eggs Benedict With Lemon Dill Hollandaise,6.05,41,539,33,2,45,37.0,[],False,False,False,False,False
Almost Heaven Cake,0.76,4,242,4,15,45,2.0,"['Mediterranean', 'Italian', 'European']",False,False,False,False,False
Baked Honey Sriracha Chicken Wings,1.91,30,506,32,4,45,9.0,[],True,False,True,False,False
Hot Pepper Pumpkin Soup,2.86,4,248,15,4,45,8.0,[],True,True,False,False,False
Spanish Meatballs In Tomato Sauce,0.6,6,126,8,20,45,2.0,"['Spanish', 'European']",False,False,True,False,False
Apple Hand Pies,0.67,3,530,10,16,45,1.0,[],False,True,False,False,False
Sweet Potatoes Muffins,0.23,2,238,8,15,45,1.0,[],False,False,True,False,False
Cedar-Planked Salmon With Mustard Dill Sauce,2.98,24,282,20,6,45,34.0,[],True,False,False,False,False
Dreamy Chai Rice Pudding,4.75,11,378,8,4,45,13.0,[],True,True,False,False,False
Easy Baked Parmesan Chicken,3.51,67,598,18,4,45,35.0,[],False,False,False,False,False
Asian Salmon Burgers With Tangy Ginger Lime Sauce,3.7,28,564,40,4,30,21.0,['American'],False,False,False,False,False
Triple Chocolate Pumpkin Pie,1.24,7,417,23,12,45,5.0,[],False,False,False,False,False
Cranberry Margarita,3.55,1,327,0,6,60,1.0,[],True,True,True,False,False
Crab Salad Stuffed Pita Pockets,3.41,39,424,6,2,25,28.0,[],False,False,True,False,False
Indian Butter Chicken,0.17,1,19,1,48,45,0.0,"['Indian', 'Asian']",True,False,False,False,False
Classic French Onion Soup,2.94,18,416,24,4,45,6.0,"['Mediterranean', 'French', 'European']",False,False,False,False,False
Delicious Lemon Cake,2.44,35,2902,106,1,40,29.0,[],False,True,False,False,False
Roast Chicken with Apples and Rosemary,2.42,35,519,30,8,45,28.0,[],True,False,True,False,False
Cherry Jello Poke Cake,0.26,2,129,2,18,45,0.0,[],False,False,False,False,False
Sex in a glass,0.83,3,566,32,6,45,1.0,[],True,False,False,False,False
Strawberry and Nutella Cobbler,1.78,7,664,26,3,45,10.0,['Southern'],False,True,False,False,False
Dump Cake,0.37,2,256,9,12,45,1.0,[],False,False,False,False,False
Pumpkin French Toast,1.4,16,422,8,4,20,18.0,['American'],False,True,False,False,False
Bittersweet Chocolate Ice Cream,1.6,10,737,72,2,45,5.0,[],True,True,False,False,False
Baked Oatmeal with Dried Cranberries,0.51,5,194,4,9,45,8.0,[],True,False,True,False,False
My Chicken Korma,1.4,20,311,25,3,45,5.0,"['Indian', 'Asian']",True,False,True,False,False
Grilled Peach Melba with Vanilla Bean Frozen Yogurt,4.06,17,371,15,4,45,5.0,[],True,True,False,False,False
Paneer Makhani,2.05,9,295,26,4,45,1.0,[],True,True,False,False,False
White Chocolate Macadamia Banana Bread,1.05,9,524,25,8,45,4.0,[],False,False,False,False,False
Southern 7 Layer Salad in a Mason Jar,0.95,7,325,23,8,45,5.0,['Southern'],True,False,False,False,False
Dressed Up Kale Salad,0.37,3,63,2,4,45,45.0,[],True,True,True,False,False
"Avocado Toast With Caramelized Sweet Onion, Grape Tomatoes, Fresh Garden Chives and Chive Blossoms",2.48,5,309,23,2,45,13.0,[],False,True,True,False,False
How to make the perfect Chocolate Chip Eggnog Bars,0.6,4,282,20,9,45,1.0,[],False,False,False,False,False
Cannellini Bean and Asparagus Salad with Mushrooms,0.95,8,269,20,6,45,11.0,[],True,True,True,False,False
Mediterrean Tuna Salad,2.43,21,422,34,2,45,22.0,[],True,False,True,False,False
Creamy Curry Chicken With Yellow Rice,1.3,4,348,30,3,45,8.0,"['Indian', 'Asian']",True,True,True,False,False
Maple Glazed Bacon Wrapped Pork Tenderloin,1.7,9,308,18,4,45,3.0,[],True,False,True,False,False
Instant Pot Chicken Tacos,4.45,49,289,6,6,25,33.0,['Mexican'],True,False,True,False,False
(Houston's) Spinach Dip,1.46,11,374,33,8,45,11.0,[],False,True,False,False,False
Butternut Squash Risotto With Pancetta and Sage Oil,13.18,66,3006,119,1,45,64.0,"['Mediterranean', 'Italian', 'European']",True,False,False,False,False
Homemade pineapple ice cream,1.1,13,469,24,6,45,6.0,[],True,True,False,False,False
Chicken Mulligatawny Soup,2.48,27,369,10,6,45,18.0,[],False,False,False,False,False
Peach Melba,0.1,0,18,0,120,45,0.0,[],False,False,False,False,False
Chicken and Mango Skewer,3.67,30,420,7,1,45,62.0,[],True,False,True,False,False
Homemade Apple Almond Granola Bars,0.49,6,212,8,12,45,12.0,[],False,True,False,False,False
Banana Creme Brulee,1.09,3,292,23,8,45,1.0,"['Mediterranean', 'French', 'European']",True,True,False,False,False
Broccoli and Chickpea Rice Salad,1.38,19,524,12,6,45,100.0,[],True,True,True,False,False
Dulce De Leche,1.7,7,438,8,4,45,3.0,['Southern'],True,True,False,False,False
Easy Slow Cooker Chicken Tortilla Soup,1.84,32,288,4,8,370,26.0,[],True,False,True,False,False
Polenta gnocchi with savoy cabbage and cheese,2.39,20,459,25,2,45,23.0,"['Mediterranean', 'Italian', 'European']",True,True,False,False,False
Chocolate Hazelnut Cake,2.03,10,853,39,12,45,3.0,[],False,False,False,False,False
Kenyan Pilau,2.63,37,464,5,4,45,26.0,[],True,False,True,False,False
Homemade Pecan Pie,0.91,5,446,19,6,40,1.0,['Southern'],False,True,False,False,False
Carrot Raisin Chocolate Chip Cookies,0.11,1,95,4,36,45,0.0,[],False,False,False,False,False
Roasted Butterflied Chicken w. Onions & Carrots,2.88,86,1159,84,4,45,28.0,[],True,False,False,False,False
Green Tea Fruit Medley Smoothie,0.77,2,54,1,4,45,3.0,[],True,True,False,False,False
Avocado Egg Salad,1.52,19,379,11,1,45,16.0,[],False,True,True,False,False
Steamed Clams In Wine and Chorizo,3.05,26,558,37,2,45,9.0,[],True,False,True,False,False
Slow Cooker Baked Potato Soup,2.83,25,618,29,3,540,45.0,[],False,False,False,False,False
5 Minute Xocai Chocolate Mug Cake,1.32,10,362,15,2,45,4.0,[],False,True,False,False,False
Meyer Lemon Ricotta Pancakes with Blackberry Compote,2.38,28,603,27,2,45,17.0,[],False,True,False,False,False
"Vanilla Cream Cakes, Easy and Fluffy Holiday Cakes",0.89,11,556,31,15,45,4.0,[],False,True,False,False,False
Grilled Eggplant and Heirloom Tomato Stacks With Basil and Tomato Coulis,2.88,11,206,17,5,45,36.0,[],True,True,False,False,False
North Carolina-Style BBQ Pulled Pork,1.54,26,232,5,12,45,11.0,['American'],True,False,False,False,False
Caramel ice cream,0.72,5,486,32,6,45,1.0,[],True,True,False,False,False
Blue Cheese Burgers,4.51,45,661,37,4,45,17.0,['American'],False,False,False,False,False
Lemon square bars,0.14,1,72,4,24,45,0.0,[],False,True,False,False,False
Fluffy frittata with spinach,1.55,20,279,20,4,45,21.0,[],True,False,False,False,False
Coconut Macaroons With Chocolate Drizzle,0.27,2,156,7,24,45,1.0,[],False,True,False,False,False
Vegetable Rice,1.21,16,706,11,2,45,17.0,[],True,True,False,False,False
Applesauce Cake,1.07,8,565,23,12,45,4.0,[],False,True,False,False,False
Brown Sugar Sponge Cookie w/ Chocolate Covered Caramels,0.04,1,21,0,24,45,0.0,[],False,True,True,False,False
Stuffed Lemons in the Oven,0.41,1,20,0,4,45,11.0,[],True,False,True,False,False
Cheesy Cauliflower,0.98,12,223,14,6,45,7.0,[],False,False,False,False,False
Black Forest Mini Cheesecakes,1.03,5,429,27,12,45,1.0,[],False,False,False,False,False
Jean's Seafood Gumbo,5.32,72,558,20,9,45,57.0,"['Creole', 'Cajun']",False,False,True,False,False
Banana Split Sundae Ice Cream Cake,0.86,6,449,22,18,45,2.0,[],False,False,False,False,False
Chobani Harvest Fruit Salad,9.79,26,1562,38,1,45,53.0,[],True,True,False,False,False
Classic scones,0.51,9,399,13,4,45,2.0,"['English', 'Scottish', 'British', 'European']",False,True,False,False,False
Chicken Enchilada Salad Wraps,1.7,22,520,24,4,45,14.0,['Mexican'],False,False,False,False,False
Chicken Piccata With Angel Hair Pasta,3.0,27,742,30,2,45,33.0,[],False,False,False,False,False
Ancient Grains Bread,0.59,11,239,3,14,45,36.0,[],False,True,False,False,False
Quinoa Salad with Vegetables and Cashews,1.59,9,487,39,6,45,66.0,[],True,True,True,False,False
Chicken Fajita Stuffed Bell Pepper,3.62,36,561,24,3,45,75.0,['Mexican'],True,False,False,False,False
Pecan Sandies,7.55,41,4578,288,1,45,41.0,[],False,True,False,False,False
Beef Lo Mein Noodles,2.49,28,439,18,4,45,17.0,[],False,False,True,False,False
Vanilla Pound Cake,0.72,6,337,16,10,75,2.0,[],False,True,False,False,False
Doughnuts,0.6,13,425,2,2,45,39.0,[],False,True,False,False,False
OREO Cookie Balls – Snowman,1.75,5,465,27,12,75,1.0,[],False,False,False,False,False
Rosemary Walnut Bread,0.74,9,308,15,16,45,11.0,[],False,True,False,False,False
Old Fashioned Mac and Cheese #SundaySupper,4.06,105,2582,138,2,45,46.0,['American'],False,False,False,False,False
Dessert Apple Rings With Cinnamon Cream Syrup,1.5,3,402,2,6,45,2.0,[],False,True,True,False,False
Mango Banana Coconut Smoothie,0.65,2,149,8,4,45,4.0,[],True,True,True,False,False
Herbivoracious' White Bean and Kale Soup,0.5,7,195,10,6,45,72.0,[],True,False,False,False,False
Spicy Chicken Corn Dogs with Homemade Chili Sauce,1.62,14,434,25,8,45,6.0,['American'],True,False,True,False,False
Autumn Cheesecake,1.1,4,358,19,8,45,1.0,[],False,True,False,False,False
Berry Fruit Crumble,1.51,2,159,9,6,45,4.0,[],True,False,True,False,False
Asian Dumplings,18.55,192,4275,114,1,45,100.0,"['Chinese', 'Asian']",False,False,True,False,False
Mangoes with Rum and Ice Cream,1.07,1,139,2,4,45,4.0,[],True,False,True,False,False
Easy Thanksgiving Entertaining,3.69,5,475,34,6,10,6.0,[],True,True,False,False,False
Loaded Baked Potato Soup,1.29,23,652,37,8,60,14.0,[],False,False,False,False,False
Ham with Orange Rosemary Marmalade Glaze,4.9,246,3119,191,4,45,64.0,[],True,False,True,False,False
Brown Rice Mushroom Pilaf,0.42,5,224,5,4,45,42.0,[],True,True,True,False,False
Mushroom Goat Cheese Baked Eggs,4.69,40,726,25,2,45,38.0,[],False,True,False,False,False
Crispy Tiger Prawns With Honey and Garlic Sauce,1.16,6,159,8,3,45,1.0,[],True,False,True,False,False
Beans Hawaiian,1.61,29,442,10,8,45,19.0,[],True,False,True,False,False
Caprese Quick Bread,0.43,5,118,5,12,45,2.0,[],False,True,False,False,False
Fenugreek Roti,0.2,4,78,1,10,45,9.0,"['Indian', 'Asian']",False,True,False,False,False
Easy Pork Chops on Stuffing,2.29,32,355,16,6,45,34.0,[],False,False,False,False,False
Buttery Pull Apart Monkey Bread,0.34,6,392,21,16,45,3.0,[],False,True,False,False,False
Sterling Cooper Blini with Caviar,0.25,1,84,7,16,45,0.0,"['Eastern European', 'European']",False,False,False,False,False
Bacon Wrapped Filet Mignon,0.39,3,98,9,4,45,0.0,[],True,False,True,False,False
Turkey Burgers,2.43,30,201,4,4,45,26.0,['American'],False,False,True,False,False
